Omega_rs_over_c0,R_SYM,R_mu_only,R_eps_only,Rpow_mu_bounded,Rpow_eps_bounded
1.00000e-02,2.115473e-16,5.592137e-01,5.592137e-01,3.127200e-01,3.127200e-01
1.03230e-02,2.114196e-16,5.591898e-01,5.591898e-01,3.126933e-01,3.126933e-01
1.06565e-02,2.112834e-16,5.591644e-01,5.591644e-01,3.126648e-01,3.126648e-01
1.10008e-02,2.111384e-16,5.591373e-01,5.591373e-01,3.126345e-01,3.126345e-01
1.13561e-02,2.109839e-16,5.591084e-01,5.591084e-01,3.126022e-01,3.126022e-01
1.17230e-02,2.108192e-16,5.590776e-01,5.590776e-01,3.125678e-01,3.125678e-01
1.21017e-02,2.106438e-16,5.590448e-01,5.590448e-01,3.125311e-01,3.125311e-01
1.24926e-02,2.104569e-16,5.590099e-01,5.590099e-01,3.124920e-01,3.124920e-01
1.28962e-02,2.102578e-16,5.589727e-01,5.589727e-01,3.124504e-01,3.124504e-01
1.33128e-02,2.100456e-16,5.589330e-01,5.589330e-01,3.124061e-01,3.124061e-01
1.37428e-02,2.098195e-16,5.588907e-01,5.588907e-01,3.123589e-01,3.123589e-01
1.41867e-02,2.095787e-16,5.588457e-01,5.588457e-01,3.123085e-01,3.123085e-01
1.46450e-02,2.093221e-16,5.587978e-01,5.587978e-01,3.122549e-01,3.122549e-01
1.51181e-02,2.090487e-16,5.587467e-01,5.587467e-01,3.121978e-01,3.121978e-01
1.56065e-02,2.087575e-16,5.586922e-01,5.586922e-01,3.121370e-01,3.121370e-01
1.61106e-02,2.084472e-16,5.586343e-01,5.586343e-01,3.120722e-01,3.120722e-01
1.66311e-02,2.081167e-16,5.585725e-01,5.585725e-01,3.120032e-01,3.120032e-01
1.71683e-02,2.077646e-16,5.585067e-01,5.585067e-01,3.119297e-01,3.119297e-01
1.77229e-02,2.073895e-16,5.584366e-01,5.584366e-01,3.118514e-01,3.118514e-01
1.82955e-02,2.069899e-16,5.583619e-01,5.583619e-01,3.117680e-01,3.117680e-01
1.88865e-02,2.065642e-16,5.582824e-01,5.582824e-01,3.116792e-01,3.116792e-01
1.94966e-02,2.061108e-16,5.581976e-01,5.581976e-01,3.115846e-01,3.115846e-01
2.01264e-02,2.056279e-16,5.581074e-01,5.581074e-01,3.114839e-01,3.114839e-01
2.07765e-02,2.051135e-16,5.580113e-01,5.580113e-01,3.113766e-01,3.113766e-01
2.14477e-02,2.045656e-16,5.579089e-01,5.579089e-01,3.112624e-01,3.112624e-01
2.21405e-02,2.039821e-16,5.577999e-01,5.577999e-01,3.111407e-01,3.111407e-01
2.28558e-02,2.033606e-16,5.576838e-01,5.576838e-01,3.110112e-01,3.110112e-01
2.35941e-02,2.026987e-16,5.575601e-01,5.575601e-01,3.108733e-01,3.108733e-01
2.43563e-02,2.019938e-16,5.574285e-01,5.574285e-01,3.107265e-01,3.107265e-01
2.51431e-02,2.012432e-16,5.572882e-01,5.572882e-01,3.105702e-01,3.105702e-01
2.59553e-02,2.004440e-16,5.571389e-01,5.571389e-01,3.104038e-01,3.104038e-01
2.67937e-02,1.995929e-16,5.569800e-01,5.569800e-01,3.102267e-01,3.102267e-01
2.76593e-02,1.986868e-16,5.568107e-01,5.568107e-01,3.100382e-01,3.100382e-01
2.85528e-02,1.977220e-16,5.566306e-01,5.566306e-01,3.098376e-01,3.098376e-01
2.94752e-02,1.966949e-16,5.564388e-01,5.564388e-01,3.096241e-01,3.096241e-01
3.04273e-02,1.956015e-16,5.562346e-01,5.562346e-01,3.093969e-01,3.093969e-01
3.14102e-02,1.944377e-16,5.560173e-01,5.560173e-01,3.091552e-01,3.091552e-01
3.24249e-02,1.931989e-16,5.557860e-01,5.557860e-01,3.088981e-01,3.088981e-01
3.34723e-02,1.918805e-16,5.555398e-01,5.555398e-01,3.086245e-01,3.086245e-01
3.45536e-02,1.904774e-16,5.552779e-01,5.552779e-01,3.083336e-01,3.083336e-01
3.56698e-02,1.889844e-16,5.549992e-01,5.549992e-01,3.080241e-01,3.080241e-01
3.68221e-02,1.873958e-16,5.547027e-01,5.547027e-01,3.076951e-01,3.076951e-01
3.80116e-02,1.857057e-16,5.543873e-01,5.543873e-01,3.073453e-01,3.073453e-01
3.92395e-02,1.839078e-16,5.540518e-01,5.540518e-01,3.069734e-01,3.069734e-01
4.05071e-02,1.819955e-16,5.536950e-01,5.536950e-01,3.065781e-01,3.065781e-01
4.18157e-02,1.799617e-16,5.533155e-01,5.533155e-01,3.061581e-01,3.061581e-01
4.31665e-02,1.777991e-16,5.529121e-01,5.529121e-01,3.057118e-01,3.057118e-01
4.45609e-02,1.754999e-16,5.524832e-01,5.524832e-01,3.052377e-01,3.052377e-01
4.60004e-02,1.730556e-16,5.520273e-01,5.520273e-01,3.047341e-01,3.047341e-01
4.74864e-02,1.704578e-16,5.515428e-01,5.515428e-01,3.041995e-01,3.041995e-01
4.90204e-02,1.676973e-16,5.510280e-01,5.510280e-01,3.036319e-01,3.036319e-01
5.06039e-02,1.647643e-16,5.504811e-01,5.504811e-01,3.030295e-01,3.030295e-01
5.22386e-02,1.616490e-16,5.499003e-01,5.499003e-01,3.023903e-01,3.023903e-01
5.39261e-02,1.583406e-16,5.492835e-01,5.492835e-01,3.017123e-01,3.017123e-01
5.56681e-02,1.548281e-16,5.486286e-01,5.486286e-01,3.009934e-01,3.009934e-01
5.74664e-02,1.511000e-16,5.479336e-01,5.479336e-01,3.002313e-01,3.002313e-01
5.93228e-02,1.471441e-16,5.471962e-01,5.471962e-01,2.994237e-01,2.994237e-01
6.12392e-02,1.429481e-16,5.464139e-01,5.464139e-01,2.985682e-01,2.985682e-01
6.32174e-02,1.384990e-16,5.455844e-01,5.455844e-01,2.976623e-01,2.976623e-01
6.52596e-02,1.337833e-16,5.447049e-01,5.447049e-01,2.967035e-01,2.967035e-01
6.73677e-02,1.287874e-16,5.437730e-01,5.437730e-01,2.956891e-01,2.956891e-01
6.95440e-02,1.234973e-16,5.427858e-01,5.427858e-01,2.946164e-01,2.946164e-01
7.17905e-02,1.178990e-16,5.417405e-01,5.417405e-01,2.934827e-01,2.934827e-01
7.41096e-02,1.119785e-16,5.406340e-01,5.406340e-01,2.922852e-01,2.922852e-01
7.65036e-02,1.057222e-16,5.394635e-01,5.394635e-01,2.910208e-01,2.910208e-01
7.89750e-02,9.911752e-17,5.382257e-01,5.382257e-01,2.896869e-01,2.896869e-01
8.15262e-02,9.215338e-17,5.369175e-01,5.369175e-01,2.882804e-01,2.882804e-01
8.41598e-02,8.482166e-17,5.355357e-01,5.355357e-01,2.867985e-01,2.867985e-01
8.68785e-02,7.711927e-17,5.340771e-01,5.340771e-01,2.852383e-01,2.852383e-01
8.96850e-02,6.905214e-17,5.325383e-01,5.325383e-01,2.835970e-01,2.835970e-01
9.25821e-02,6.064297e-17,5.309160e-01,5.309160e-01,2.818718e-01,2.818718e-01
9.55729e-02,5.194770e-17,5.292071e-01,5.292071e-01,2.800602e-01,2.800602e-01
9.86603e-02,4.309424e-17,5.274083e-01,5.274083e-01,2.781595e-01,2.781595e-01
1.01847e-01,3.438330e-17,5.255165e-01,5.255165e-01,2.761676e-01,2.761676e-01
1.05137e-01,2.657236e-17,5.235288e-01,5.235288e-01,2.740824e-01,2.740824e-01
1.08534e-01,2.154937e-17,5.214422e-01,5.214422e-01,2.719020e-01,2.719020e-01
1.12040e-01,2.227570e-17,5.192543e-01,5.192543e-01,2.696250e-01,2.696250e-01
1.15659e-01,2.905705e-17,5.169626e-01,5.169626e-01,2.672503e-01,2.672503e-01
1.19395e-01,3.943371e-17,5.145652e-01,5.145652e-01,2.647774e-01,2.647774e-01
1.23252e-01,5.175110e-17,5.120605e-01,5.120605e-01,2.622059e-01,2.622059e-01
1.27234e-01,6.532227e-17,5.094473e-01,5.094473e-01,2.595365e-01,2.595365e-01
1.31344e-01,7.986083e-17,5.067249e-01,5.067249e-01,2.567702e-01,2.567702e-01
1.35587e-01,9.523294e-17,5.038935e-01,5.038935e-01,2.539087e-01,2.539087e-01
1.39967e-01,1.113667e-16,5.009537e-01,5.009537e-01,2.509547e-01,2.509547e-01
1.44488e-01,1.282163e-16,4.979071e-01,4.979071e-01,2.479115e-01,2.479115e-01
1.49156e-01,1.457463e-16,4.947559e-01,4.947559e-01,2.447834e-01,2.447834e-01
1.53974e-01,1.639235e-16,4.915037e-01,4.915037e-01,2.415759e-01,2.415759e-01
1.58948e-01,1.827125e-16,4.881547e-01,4.881547e-01,2.382950e-01,2.382950e-01
1.64083e-01,2.020728e-16,4.847145e-01,4.847145e-01,2.349481e-01,2.349481e-01
1.69383e-01,2.219564e-16,4.811898e-01,4.811898e-01,2.315436e-01,2.315436e-01
1.74855e-01,2.423060e-16,4.775885e-01,4.775885e-01,2.280908e-01,2.280908e-01
1.80503e-01,2.630536e-16,4.739199e-01,4.739199e-01,2.246001e-01,2.246001e-01
1.86334e-01,2.841188e-16,4.701944e-01,4.701944e-01,2.210828e-01,2.210828e-01
1.92354e-01,3.054074e-16,4.664235e-01,4.664235e-01,2.175508e-01,2.175508e-01
1.98567e-01,3.268097e-16,4.626198e-01,4.626198e-01,2.140171e-01,2.140171e-01
2.04982e-01,3.481998e-16,4.587971e-01,4.587971e-01,2.104947e-01,2.104947e-01
2.11604e-01,3.694335e-16,4.549693e-01,4.549693e-01,2.069971e-01,2.069971e-01
2.18439e-01,3.903476e-16,4.511512e-01,4.511512e-01,2.035374e-01,2.035374e-01
2.25496e-01,4.107588e-16,4.473571e-01,4.473571e-01,2.001284e-01,2.001284e-01
2.32780e-01,4.304628e-16,4.436011e-01,4.436011e-01,1.967819e-01,1.967819e-01
2.40300e-01,4.492338e-16,4.398959e-01,4.398959e-01,1.935084e-01,1.935084e-01
2.48062e-01,4.668242e-16,4.362527e-01,4.362527e-01,1.903164e-01,1.903164e-01
2.56076e-01,4.829654e-16,4.326799e-01,4.326799e-01,1.872119e-01,1.872119e-01
2.64348e-01,4.973683e-16,4.291830e-01,4.291830e-01,1.841981e-01,1.841981e-01
2.72887e-01,5.097253e-16,4.257633e-01,4.257633e-01,1.812744e-01,1.812744e-01
2.81703e-01,5.197127e-16,4.224174e-01,4.224174e-01,1.784364e-01,1.784364e-01
2.90803e-01,5.269945e-16,4.191365e-01,4.191365e-01,1.756754e-01,1.756754e-01
3.00197e-01,5.312276e-16,4.159062e-01,4.159062e-01,1.729779e-01,1.729779e-01
3.09894e-01,5.320676e-16,4.127058e-01,4.127058e-01,1.703261e-01,1.703261e-01
3.19905e-01,5.291773e-16,4.095090e-01,4.095090e-01,1.676976e-01,1.676976e-01
3.30239e-01,5.222366e-16,4.062838e-01,4.062838e-01,1.650665e-01,1.650665e-01
3.40907e-01,5.109540e-16,4.029935e-01,4.029935e-01,1.624038e-01,1.624038e-01
3.51920e-01,4.950813e-16,3.995987e-01,3.995987e-01,1.596791e-01,1.596791e-01
3.63288e-01,4.744300e-16,3.960581e-01,3.960581e-01,1.568620e-01,1.568620e-01
3.75024e-01,4.488911e-16,3.923322e-01,3.923322e-01,1.539245e-01,1.539245e-01
3.87138e-01,4.184582e-16,3.883850e-01,3.883850e-01,1.508429e-01,1.508429e-01
3.99644e-01,3.832562e-16,3.841881e-01,3.841881e-01,1.476005e-01,1.476005e-01
4.12554e-01,3.435780e-16,3.797237e-01,3.797237e-01,1.441901e-01,1.441901e-01
4.25881e-01,2.999386e-16,3.749879e-01,3.749879e-01,1.406159e-01,1.406159e-01
4.39639e-01,2.531706e-16,3.699937e-01,3.699937e-01,1.368953e-01,1.368953e-01
4.53841e-01,2.046289e-16,3.647730e-01,3.647730e-01,1.330594e-01,1.330594e-01
4.68502e-01,1.567314e-16,3.593771e-01,3.593771e-01,1.291519e-01,1.291519e-01
4.83636e-01,1.145827e-16,3.538753e-01,3.538753e-01,1.252277e-01,1.252277e-01
4.99260e-01,8.983475e-17,3.483508e-01,3.483508e-01,1.213483e-01,1.213483e-01
5.15388e-01,9.652673e-17,3.428942e-01,3.428942e-01,1.175764e-01,1.175764e-01
5.32036e-01,1.271095e-16,3.375932e-01,3.375932e-01,1.139692e-01,1.139692e-01
5.49223e-01,1.650477e-16,3.325212e-01,3.325212e-01,1.105704e-01,1.105704e-01
5.66965e-01,2.017315e-16,3.277240e-01,3.277240e-01,1.074030e-01,1.074030e-01
5.85280e-01,2.331083e-16,3.232087e-01,3.232087e-01,1.044638e-01,1.044638e-01
6.04187e-01,2.569010e-16,3.189360e-01,3.189360e-01,1.017201e-01,1.017201e-01
6.23705e-01,2.718151e-16,3.148198e-01,3.148198e-01,9.911153e-02,9.911153e-02
6.43853e-01,2.774327e-16,3.107357e-01,3.107357e-01,9.655667e-02,9.655667e-02
6.64652e-01,2.743575e-16,3.065378e-01,3.065378e-01,9.396542e-02,9.396542e-02
6.86123e-01,2.644707e-16,3.020849e-01,3.020849e-01,9.125528e-02,9.125528e-02
7.08287e-01,2.511740e-16,2.972702e-01,2.972702e-01,8.836958e-02,8.836958e-02
7.31167e-01,2.392956e-16,2.920506e-01,2.920506e-01,8.529357e-02,8.529357e-02
7.54787e-01,2.339719e-16,2.864679e-01,2.864679e-01,8.206385e-02,8.206385e-02
7.79169e-01,2.381100e-16,2.806539e-01,2.806539e-01,7.876662e-02,7.876662e-02
8.04339e-01,2.500701e-16,2.748134e-01,2.748134e-01,7.552241e-02,7.552241e-02
8.30323e-01,2.641234e-16,2.691799e-01,2.691799e-01,7.245783e-02,7.245783e-02
8.57145e-01,2.730202e-16,2.639506e-01,2.639506e-01,6.966991e-02,6.966991e-02
8.84834e-01,2.702324e-16,2.592157e-01,2.592157e-01,6.719278e-02,6.719278e-02
9.13418e-01,2.512440e-16,2.549098e-01,2.549098e-01,6.497900e-02,6.497900e-02
9.42925e-01,2.145177e-16,2.508121e-01,2.508121e-01,6.290671e-02,6.290671e-02
9.73385e-01,1.630583e-16,2.466098e-01,2.466098e-01,6.081638e-02,6.081638e-02
1.00483e+00,1.097339e-16,2.420122e-01,2.420122e-01,5.856989e-02,5.856989e-02
1.03729e+00,9.372240e-17,2.368790e-01,2.368790e-01,5.611164e-02,5.611164e-02
1.07080e+00,1.365310e-16,2.313079e-01,2.313079e-01,5.350336e-02,5.350336e-02
1.10539e+00,1.911077e-16,2.256295e-01,2.256295e-01,5.090867e-02,5.090867e-02
1.14110e+00,2.273922e-16,2.202780e-01,2.202780e-01,4.852241e-02,4.852241e-02
1.17796e+00,2.312197e-16,2.155687e-01,2.155687e-01,4.646984e-02,4.646984e-02
1.21601e+00,1.970161e-16,2.114898e-01,2.114898e-01,4.472795e-02,4.472795e-02
1.25529e+00,1.319837e-16,2.076616e-01,2.076616e-01,4.312335e-02,4.312335e-02
1.29584e+00,9.022736e-17,2.035377e-01,2.035377e-01,4.142759e-02,4.142759e-02
1.33770e+00,1.621782e-16,1.987632e-01,1.987632e-01,3.950682e-02,3.950682e-02
1.38092e+00,2.618434e-16,1.934630e-01,1.934630e-01,3.742792e-02,3.742792e-02
1.42553e+00,3.295578e-16,1.882206e-01,1.882206e-01,3.542700e-02,3.542700e-02
1.47158e+00,3.366315e-16,1.836673e-01,1.836673e-01,3.373367e-02,3.373367e-02
1.51911e+00,2.699410e-16,1.799229e-01,1.799229e-01,3.237223e-02,3.237223e-02
1.56819e+00,1.381985e-16,1.764085e-01,1.764085e-01,3.111995e-02,3.111995e-02
1.61884e+00,7.615313e-17,1.723350e-01,1.723350e-01,2.969935e-02,2.969935e-02
1.67114e+00,2.362500e-16,1.675006e-01,1.675006e-01,2.805644e-02,2.805644e-02
1.72512e+00,3.529589e-16,1.625944e-01,1.625944e-01,2.643693e-02,2.643693e-02
1.78085e+00,3.671451e-16,1.585175e-01,1.585175e-01,2.512780e-02,2.512780e-02
1.83838e+00,2.611980e-16,1.552794e-01,1.552794e-01,2.411168e-02,2.411168e-02
1.89777e+00,1.062525e-16,1.518714e-01,1.518714e-01,2.306492e-02,2.306492e-02
1.95907e+00,2.588645e-16,1.475523e-01,1.475523e-01,2.177167e-02,2.177167e-02
2.02236e+00,4.570234e-16,1.429584e-01,1.429584e-01,2.043709e-02,2.043709e-02
2.08769e+00,5.289072e-16,1.392958e-01,1.392958e-01,1.940331e-02,1.940331e-02
2.15513e+00,4.343410e-16,1.364294e-01,1.364294e-01,1.861298e-02,1.861298e-02
2.22475e+00,2.151513e-16,1.329701e-01,1.329701e-01,1.768104e-02,1.768104e-02
2.29661e+00,6.091416e-17,1.286558e-01,1.286558e-01,1.655232e-02,1.655232e-02
2.37080e+00,1.688696e-16,1.249620e-01,1.249620e-01,1.561549e-02,1.561549e-02
2.44739e+00,1.245646e-16,1.223275e-01,1.223275e-01,1.496403e-02,1.496403e-02
2.52645e+00,1.586619e-16,1.191359e-01,1.191359e-01,1.419336e-02,1.419336e-02
2.60806e+00,3.675615e-16,1.150939e-01,1.150939e-01,1.324661e-02,1.324661e-02
2.69231e+00,4.446097e-16,1.120066e-01,1.120066e-01,1.254549e-02,1.254549e-02
2.77928e+00,3.238421e-16,1.095912e-01,1.095912e-01,1.201022e-02,1.201022e-02
2.86907e+00,1.152684e-16,1.060537e-01,1.060537e-01,1.124739e-02,1.124739e-02
2.96175e+00,5.276308e-17,1.026880e-01,1.026880e-01,1.054483e-02,1.054483e-02
3.05742e+00,1.989837e-16,1.005039e-01,1.005039e-01,1.010104e-02,1.010104e-02
3.15619e+00,4.171048e-16,9.736363e-02,9.736363e-02,9.479676e-03,9.479676e-03
3.25815e+00,4.458532e-16,9.415263e-02,9.415263e-02,8.864717e-03,8.864717e-03
3.36340e+00,1.676849e-16,9.213989e-02,9.213989e-02,8.489759e-03,8.489759e-03
3.47205e+00,2.238796e-16,8.901830e-02,8.901830e-02,7.924258e-03,7.924258e-03
3.58421e+00,2.657161e-16,8.635779e-02,8.635779e-02,7.457668e-03,7.457668e-03
3.69999e+00,9.764823e-17,8.431260e-02,8.431260e-02,7.108615e-03,7.108615e-03
3.81952e+00,3.981952e-16,8.117266e-02,8.117266e-02,6.589001e-03,6.589001e-03
3.94290e+00,2.214185e-16,7.934824e-02,7.934824e-02,6.296144e-03,6.296144e-03
4.07027e+00,2.489232e-16,7.660599e-02,7.660599e-02,5.868478e-03,5.868478e-03
4.20176e+00,3.127036e-16,7.446520e-02,7.446520e-02,5.545066e-03,5.545066e-03
4.33749e+00,1.149923e-16,7.225520e-02,7.225520e-02,5.220813e-03,5.220813e-03
4.47761e+00,3.681452e-16,6.991675e-02,6.991675e-02,4.888353e-03,4.888353e-03
4.62225e+00,2.013027e-16,6.800131e-02,6.800131e-02,4.624178e-03,4.624178e-03
4.77157e+00,7.694002e-17,6.570952e-02,6.570952e-02,4.317741e-03,4.317741e-03
4.92571e+00,3.379426e-16,6.385559e-02,6.385559e-02,4.077537e-03,4.077537e-03
5.08483e+00,3.455690e-16,6.181865e-02,6.181865e-02,3.821545e-03,3.821545e-03
5.24909e+00,2.024107e-16,5.981694e-02,5.981694e-02,3.578066e-03,3.578066e-03
5.41865e+00,9.474623e-17,5.820663e-02,5.820663e-02,3.388012e-03,3.388012e-03
5.59369e+00,6.380495e-16,5.597972e-02,5.597972e-02,3.133730e-03,3.133730e-03
5.77439e+00,1.822601e-16,5.463530e-02,5.463530e-02,2.985016e-03,2.985016e-03
5.96093e+00,2.905426e-16,5.266032e-02,5.266032e-02,2.773110e-03,2.773110e-03
6.15349e+00,3.303281e-16,5.088775e-02,5.088775e-02,2.589563e-03,2.589563e-03
6.35227e+00,1.360613e-16,4.959184e-02,4.959184e-02,2.459350e-03,2.459350e-03
6.55747e+00,2.391324e-16,4.777427e-02,4.777427e-02,2.282381e-03,2.282381e-03
6.76930e+00,2.349366e-16,4.605947e-02,4.605947e-02,2.121475e-03,2.121475e-03
6.98798e+00,2.498784e-16,4.480171e-02,4.480171e-02,2.007193e-03,2.007193e-03
7.21372e+00,1.499224e-16,4.343331e-02,4.343331e-02,1.886452e-03,1.886452e-03
7.44675e+00,4.045472e-16,4.181727e-02,4.181727e-02,1.748684e-03,1.748684e-03
7.68730e+00,2.930913e-16,4.026949e-02,4.026949e-02,1.621632e-03,1.621632e-03
7.93563e+00,6.002907e-16,3.893782e-02,3.893782e-02,1.516154e-03,1.516154e-03
8.19198e+00,7.628100e-17,3.773046e-02,3.773046e-02,1.423587e-03,1.423587e-03
8.45662e+00,3.792668e-16,3.653766e-02,3.653766e-02,1.335001e-03,1.335001e-03
8.72980e+00,2.399802e-17,3.532734e-02,3.532734e-02,1.248021e-03,1.248021e-03
9.01180e+00,2.153396e-16,3.411473e-02,3.411473e-02,1.163815e-03,1.163815e-03
9.30292e+00,2.600829e-16,3.291979e-02,3.291979e-02,1.083712e-03,1.083712e-03
9.60344e+00,2.734631e-16,3.174926e-02,3.174926e-02,1.008015e-03,1.008015e-03
9.91367e+00,1.881442e-16,3.059407e-02,3.059407e-02,9.359971e-04,9.359971e-04
1.02339e+01,3.537806e-16,2.943484e-02,2.943484e-02,8.664095e-04,8.664095e-04
1.05645e+01,1.185369e-16,2.826478e-02,2.826478e-02,7.988976e-04,7.988976e-04
1.09058e+01,7.381350e-16,2.713511e-02,2.713511e-02,7.363139e-04,7.363139e-04
1.12581e+01,5.341749e-16,2.615362e-02,2.615362e-02,6.840116e-04,6.840116e-04
1.16218e+01,6.464622e-16,2.530258e-02,2.530258e-02,6.402203e-04,6.402203e-04
1.19972e+01,3.665009e-16,2.430740e-02,2.430740e-02,5.908495e-04,5.908495e-04
1.23847e+01,2.783054e-17,2.318549e-02,2.318549e-02,5.375669e-04,5.375669e-04
1.27848e+01,2.507022e-16,2.239511e-02,2.239511e-02,5.015410e-04,5.015410e-04
1.31978e+01,6.008975e-16,2.146144e-02,2.146144e-02,4.605936e-04,4.605936e-04
1.36242e+01,4.026177e-16,2.049540e-02,2.049540e-02,4.200615e-04,4.200615e-04
1.40643e+01,4.248201e-16,1.972634e-02,1.972634e-02,3.891284e-04,3.891284e-04
1.45186e+01,1.722531e-16,1.878199e-02,1.878199e-02,3.527630e-04,3.527630e-04
1.49876e+01,4.964336e-16,1.796161e-02,1.796161e-02,3.226195e-04,3.226195e-04
1.54718e+01,6.948674e-16,1.722493e-02,1.722493e-02,2.966982e-04,2.966982e-04
1.59716e+01,5.107775e-16,1.628227e-02,1.628227e-02,2.651124e-04,2.651124e-04
1.64875e+01,1.008708e-15,1.550261e-02,1.550261e-02,2.403309e-04,2.403309e-04
1.70201e+01,4.529445e-16,1.481120e-02,1.481120e-02,2.193716e-04,2.193716e-04
1.75699e+01,2.655972e-16,1.407540e-02,1.407540e-02,1.981168e-04,1.981168e-04
1.81375e+01,7.863315e-16,1.331339e-02,1.331339e-02,1.772464e-04,1.772464e-04
1.87234e+01,1.926023e-15,1.256303e-02,1.256303e-02,1.578296e-04,1.578296e-04
1.93282e+01,2.698201e-15,1.183067e-02,1.183067e-02,1.399648e-04,1.399648e-04
1.99526e+01,2.891019e-15,1.109117e-02,1.109117e-02,1.230141e-04,1.230141e-04
