A2,H_shear_redshift,H_EM_phase
0.00000,1.000000,1.000000
0.00200,0.999499,1.001003
0.00400,0.998997,1.002008
0.00601,0.998495,1.003017
0.00801,0.997992,1.004028
0.01001,0.997488,1.005043
0.01201,0.996983,1.006061
0.01401,0.996478,1.007082
0.01602,0.995972,1.008106
0.01802,0.995465,1.009133
0.02002,0.994957,1.010163
0.02202,0.994448,1.011196
0.02402,0.993939,1.012233
0.02603,0.993429,1.013273
0.02803,0.992918,1.014316
0.03003,0.992406,1.015362
0.03203,0.991894,1.016411
0.03403,0.991381,1.017464
0.03604,0.990867,1.018520
0.03804,0.990352,1.019579
0.04004,0.989836,1.020642
0.04204,0.989320,1.021708
0.04404,0.988802,1.022777
0.04605,0.988284,1.023850
0.04805,0.987765,1.024926
0.05005,0.987246,1.026005
0.05205,0.986725,1.027088
0.05405,0.986204,1.028175
0.05606,0.985681,1.029264
0.05806,0.985158,1.030358
0.06006,0.984634,1.031454
0.06206,0.984110,1.032554
0.06406,0.983584,1.033658
0.06607,0.983058,1.034765
0.06807,0.982530,1.035876
0.07007,0.982002,1.036991
0.07207,0.981473,1.038109
0.07407,0.980944,1.039231
0.07608,0.980413,1.040356
0.07808,0.979881,1.041485
0.08008,0.979349,1.042617
0.08208,0.978816,1.043754
0.08408,0.978282,1.044894
0.08609,0.977747,1.046038
0.08809,0.977211,1.047185
0.09009,0.976674,1.048337
0.09209,0.976136,1.049492
0.09409,0.975598,1.050651
0.09610,0.975058,1.051814
0.09810,0.974518,1.052981
0.10010,0.973977,1.054151
0.10210,0.973434,1.055326
0.10410,0.972891,1.056504
0.10611,0.972347,1.057687
0.10811,0.971803,1.058873
0.11011,0.971257,1.060064
0.11211,0.970710,1.061258
0.11411,0.970162,1.062456
0.11612,0.969614,1.063659
0.11812,0.969064,1.064866
0.12012,0.968514,1.066076
0.12212,0.967962,1.067291
0.12412,0.967410,1.068510
0.12613,0.966857,1.069734
0.12813,0.966303,1.070961
0.13013,0.965747,1.072193
0.13213,0.965191,1.073429
0.13413,0.964634,1.074669
0.13614,0.964076,1.075914
0.13814,0.963517,1.077162
0.14014,0.962957,1.078416
0.14214,0.962396,1.079673
0.14414,0.961834,1.080935
0.14615,0.961271,1.082202
0.14815,0.960707,1.083473
0.15015,0.960142,1.084748
0.15215,0.959576,1.086028
0.15415,0.959009,1.087313
0.15616,0.958441,1.088602
0.15816,0.957872,1.089895
0.16016,0.957302,1.091194
0.16216,0.956731,1.092497
0.16416,0.956159,1.093804
0.16617,0.955586,1.095116
0.16817,0.955012,1.096433
0.17017,0.954437,1.097755
0.17217,0.953861,1.099082
0.17417,0.953284,1.100413
0.17618,0.952705,1.101750
0.17818,0.952126,1.103091
0.18018,0.951546,1.104437
0.18218,0.950964,1.105788
0.18418,0.950382,1.107144
0.18619,0.949798,1.108505
0.18819,0.949213,1.109871
0.19019,0.948628,1.111242
0.19219,0.948041,1.112618
0.19419,0.947453,1.113999
0.19620,0.946864,1.115386
0.19820,0.946274,1.116777
0.20020,0.945682,1.118174
0.20220,0.945090,1.119576
0.20420,0.944497,1.120984
0.20621,0.943902,1.122396
0.20821,0.943306,1.123814
0.21021,0.942709,1.125238
0.21221,0.942111,1.126667
0.21421,0.941512,1.128101
0.21622,0.940912,1.129541
0.21822,0.940311,1.130986
0.22022,0.939708,1.132437
0.22222,0.939104,1.133894
0.22422,0.938499,1.135356
0.22623,0.937893,1.136824
0.22823,0.937286,1.138297
0.23023,0.936678,1.139776
0.23223,0.936068,1.141261
0.23423,0.935457,1.142752
0.23624,0.934845,1.144249
0.23824,0.934232,1.145752
0.24024,0.933618,1.147260
0.24224,0.933002,1.148775
0.24424,0.932385,1.150295
0.24625,0.931767,1.151822
0.24825,0.931148,1.153355
0.25025,0.930527,1.154893
0.25225,0.929905,1.156438
0.25425,0.929282,1.157990
0.25626,0.928658,1.159547
0.25826,0.928032,1.161111
0.26026,0.927406,1.162681
0.26226,0.926777,1.164258
0.26426,0.926148,1.165841
0.26627,0.925517,1.167430
0.26827,0.924885,1.169026
0.27027,0.924252,1.170628
0.27227,0.923618,1.172238
0.27427,0.922982,1.173853
0.27628,0.922344,1.175476
0.27828,0.921706,1.177105
0.28028,0.921066,1.178741
0.28228,0.920425,1.180384
0.28428,0.919782,1.182034
0.28629,0.919139,1.183690
0.28829,0.918493,1.185354
0.29029,0.917847,1.187025
0.29229,0.917199,1.188702
0.29429,0.916549,1.190387
0.29630,0.915899,1.192079
0.29830,0.915247,1.193779
0.30030,0.914593,1.195485
0.30230,0.913938,1.197199
0.30430,0.913282,1.198921
0.30631,0.912624,1.200649
0.30831,0.911965,1.202386
0.31031,0.911304,1.204130
0.31231,0.910642,1.205881
0.31431,0.909979,1.207640
0.31632,0.909314,1.209407
0.31832,0.908647,1.211182
0.32032,0.907979,1.212964
0.32232,0.907310,1.214754
0.32432,0.906639,1.216553
0.32633,0.905967,1.218359
0.32833,0.905293,1.220174
0.33033,0.904618,1.221996
0.33233,0.903941,1.223827
0.33433,0.903263,1.225666
0.33634,0.902583,1.227513
0.33834,0.901901,1.229369
0.34034,0.901218,1.231233
0.34234,0.900534,1.233105
0.34434,0.899847,1.234986
0.34635,0.899160,1.236876
0.34835,0.898470,1.238775
0.35035,0.897780,1.240682
0.35235,0.897087,1.242598
0.35435,0.896393,1.244523
0.35636,0.895697,1.246457
0.35836,0.895000,1.248400
0.36036,0.894301,1.250352
0.36236,0.893601,1.252314
0.36436,0.892898,1.254284
0.36637,0.892194,1.256264
0.36837,0.891489,1.258254
0.37037,0.890782,1.260252
0.37237,0.890073,1.262261
0.37437,0.889362,1.264279
0.37638,0.888650,1.266307
0.37838,0.887936,1.268344
0.38038,0.887220,1.270391
0.38238,0.886502,1.272449
0.38438,0.885783,1.274516
0.38639,0.885062,1.276594
0.38839,0.884339,1.278681
0.39039,0.883615,1.280779
0.39239,0.882888,1.282887
0.39439,0.882160,1.285006
0.39640,0.881430,1.287135
0.39840,0.880698,1.289275
0.40040,0.879965,1.291426
0.40240,0.879229,1.293587
0.40440,0.878492,1.295760
0.40641,0.877753,1.297943
0.40841,0.877012,1.300137
0.41041,0.876269,1.302343
0.41241,0.875524,1.304559
0.41441,0.874777,1.306787
0.41642,0.874029,1.309027
0.41842,0.873278,1.311278
0.42042,0.872526,1.313541
0.42242,0.871771,1.315815
0.42442,0.871015,1.318102
0.42643,0.870256,1.320400
0.42843,0.869496,1.322711
0.43043,0.868734,1.325033
0.43243,0.867969,1.327368
0.43443,0.867203,1.329715
0.43644,0.866434,1.332075
0.43844,0.865664,1.334447
0.44044,0.864891,1.336833
0.44244,0.864117,1.339230
0.44444,0.863340,1.341641
0.44645,0.862561,1.344065
0.44845,0.861780,1.346502
0.45045,0.860997,1.348953
0.45245,0.860212,1.351417
0.45445,0.859424,1.353894
0.45646,0.858635,1.356385
0.45846,0.857843,1.358890
0.46046,0.857049,1.361409
0.46246,0.856253,1.363942
0.46446,0.855455,1.366489
0.46647,0.854654,1.369050
0.46847,0.853851,1.371626
0.47047,0.853046,1.374216
0.47247,0.852239,1.376821
0.47447,0.851429,1.379442
0.47648,0.850617,1.382077
0.47848,0.849802,1.384727
0.48048,0.848986,1.387392
0.48248,0.848167,1.390073
0.48448,0.847345,1.392770
0.48649,0.846521,1.395482
0.48849,0.845695,1.398210
0.49049,0.844866,1.400955
0.49249,0.844035,1.403715
0.49449,0.843201,1.406492
0.49650,0.842365,1.409285
0.49850,0.841527,1.412096
0.50050,0.840686,1.414923
0.50250,0.839842,1.417767
0.50451,0.838996,1.420628
0.50651,0.838147,1.423507
0.50851,0.837296,1.426403
0.51051,0.836442,1.429317
0.51251,0.835585,1.432249
0.51452,0.834726,1.435199
0.51652,0.833864,1.438167
0.51852,0.833000,1.441154
0.52052,0.832132,1.444160
0.52252,0.831262,1.447184
0.52453,0.830390,1.450228
0.52653,0.829514,1.453290
0.52853,0.828636,1.456373
0.53053,0.827755,1.459475
0.53253,0.826871,1.462597
0.53454,0.825984,1.465739
0.53654,0.825095,1.468901
0.53854,0.824202,1.472084
0.54054,0.823307,1.475287
0.54254,0.822408,1.478512
0.54455,0.821507,1.481758
0.54655,0.820603,1.485025
0.54855,0.819696,1.488315
0.55055,0.818785,1.491626
0.55255,0.817872,1.494959
0.55456,0.816956,1.498315
0.55656,0.816036,1.501693
0.55856,0.815114,1.505094
0.56056,0.814188,1.508519
0.56256,0.813259,1.511967
0.56457,0.812327,1.515439
0.56657,0.811392,1.518935
0.56857,0.810453,1.522455
0.57057,0.809511,1.525999
0.57257,0.808566,1.529569
0.57458,0.807617,1.533164
0.57658,0.806666,1.536784
0.57858,0.805710,1.540430
0.58058,0.804752,1.544102
0.58258,0.803790,1.547801
0.58459,0.802824,1.551526
0.58659,0.801855,1.555278
0.58859,0.800883,1.559058
0.59059,0.799907,1.562865
0.59259,0.798927,1.566700
0.59460,0.797944,1.570564
0.59660,0.796957,1.574456
0.59860,0.795966,1.578378
0.60060,0.794972,1.582328
0.60260,0.793974,1.586309
0.60461,0.792972,1.590320
0.60661,0.791966,1.594362
0.60861,0.790957,1.598434
0.61061,0.789943,1.602538
0.61261,0.788926,1.606673
0.61462,0.787905,1.610841
0.61662,0.786879,1.615042
0.61862,0.785850,1.619275
0.62062,0.784817,1.623542
0.62262,0.783779,1.627843
0.62463,0.782738,1.632178
0.62663,0.781692,1.636548
0.62863,0.780642,1.640953
0.63063,0.779588,1.645394
0.63263,0.778529,1.649871
0.63464,0.777466,1.654385
0.63664,0.776399,1.658937
0.63864,0.775328,1.663526
0.64064,0.774251,1.668153
0.64264,0.773171,1.672819
0.64465,0.772086,1.677525
0.64665,0.770996,1.682270
0.64865,0.769902,1.687056
0.65065,0.768802,1.691883
0.65265,0.767699,1.696752
0.65466,0.766590,1.701663
0.65666,0.765477,1.706617
0.65866,0.764358,1.711615
0.66066,0.763235,1.716656
0.66266,0.762107,1.721743
0.66467,0.760974,1.726874
0.66667,0.759835,1.732053
0.66867,0.758692,1.737277
0.67067,0.757543,1.742550
0.67267,0.756389,1.747871
0.67468,0.755230,1.753241
0.67668,0.754065,1.758660
0.67868,0.752895,1.764130
0.68068,0.751720,1.769652
0.68268,0.750539,1.775226
0.68469,0.749352,1.780852
0.68669,0.748160,1.786533
0.68869,0.746962,1.792268
0.69069,0.745758,1.798059
0.69269,0.744548,1.803907
0.69470,0.743333,1.809811
0.69670,0.742111,1.815775
0.69870,0.740884,1.821797
0.70070,0.739650,1.827880
0.70270,0.738410,1.834024
0.70471,0.737164,1.840231
0.70671,0.735911,1.846501
0.70871,0.734652,1.852835
0.71071,0.733386,1.859235
0.71271,0.732114,1.865702
0.71472,0.730835,1.872237
0.71672,0.729550,1.878841
0.71872,0.728257,1.885516
0.72072,0.726958,1.892262
0.72272,0.725652,1.899081
0.72473,0.724338,1.905974
0.72673,0.723018,1.912943
0.72873,0.721690,1.919989
0.73073,0.720355,1.927113
0.73273,0.719012,1.934317
0.73474,0.717662,1.941603
0.73674,0.716304,1.948971
0.73874,0.714938,1.956425
0.74074,0.713565,1.963964
0.74274,0.712183,1.971591
0.74475,0.710793,1.979308
0.74675,0.709396,1.987116
0.74875,0.707989,1.995017
0.75075,0.706575,2.003013
0.75275,0.705152,2.011106
0.75476,0.703720,2.019298
0.75676,0.702279,2.027591
0.75876,0.700830,2.035987
0.76076,0.699371,2.044488
0.76276,0.697903,2.053096
0.76477,0.696426,2.061814
0.76677,0.694940,2.070644
0.76877,0.693444,2.079589
0.77077,0.691938,2.088650
0.77277,0.690422,2.097831
0.77478,0.688896,2.107134
0.77678,0.687360,2.116562
0.77878,0.685814,2.126118
0.78078,0.684257,2.135804
0.78278,0.682689,2.145624
0.78479,0.681111,2.155581
0.78679,0.679521,2.165677
0.78879,0.677921,2.175917
0.79079,0.676308,2.186303
0.79279,0.674685,2.196840
0.79480,0.673049,2.207530
0.79680,0.671401,2.218378
0.79880,0.669741,2.229388
0.80080,0.668069,2.240563
0.80280,0.666384,2.251907
0.80481,0.664686,2.263426
0.80681,0.662976,2.275124
0.80881,0.661251,2.287004
0.81081,0.659513,2.299073
0.81281,0.657762,2.311335
0.81482,0.655996,2.323795
0.81682,0.654216,2.336459
0.81882,0.652421,2.349332
0.82082,0.650611,2.362421
0.82282,0.648786,2.375730
0.82483,0.646945,2.389267
0.82683,0.645089,2.403039
0.82883,0.643216,2.417051
0.83083,0.641327,2.431311
0.83283,0.639421,2.445826
0.83484,0.637498,2.460605
0.83684,0.635558,2.475655
0.83884,0.633599,2.490984
0.84084,0.631622,2.506602
0.84284,0.629626,2.522517
0.84485,0.627612,2.538739
0.84685,0.625577,2.555278
0.84885,0.623523,2.572145
0.85085,0.621448,2.589351
0.85285,0.619352,2.606906
0.85486,0.617234,2.624823
0.85686,0.615095,2.643115
0.85886,0.612933,2.661794
0.86086,0.610747,2.680876
0.86286,0.608539,2.700373
0.86487,0.606305,2.720303
0.86687,0.604047,2.740680
0.86887,0.601763,2.761522
0.87087,0.599453,2.782847
0.87287,0.597116,2.804674
0.87488,0.594751,2.827022
0.87688,0.592358,2.849914
0.87888,0.589935,2.873371
0.88088,0.587482,2.897416
0.88288,0.584998,2.922076
0.88489,0.582482,2.947376
0.88689,0.579932,2.973344
0.88889,0.577349,3.000012
0.89089,0.574731,3.027410
0.89289,0.572076,3.055573
0.89490,0.569384,3.084537
0.89690,0.566653,3.114340
0.89890,0.563882,3.145024
0.90090,0.561069,3.176634
0.90290,0.558214,3.209216
0.90491,0.555314,3.242821
0.90691,0.552368,3.277505
0.90891,0.549374,3.313326
0.91091,0.546330,3.350348
0.91291,0.543234,3.388640
0.91492,0.540085,3.428275
0.91692,0.536880,3.469334
0.91892,0.533616,3.511905
0.92092,0.530291,3.556082
0.92292,0.526902,3.601969
0.92493,0.523447,3.649680
0.92693,0.519922,3.699339
0.92893,0.516323,3.751081
0.93093,0.512648,3.805057
0.93293,0.508892,3.861432
0.93494,0.505051,3.920389
0.93694,0.501120,3.982132
0.93894,0.497095,4.046888
0.94094,0.492969,4.114909
0.94294,0.488737,4.186479
0.94495,0.484393,4.261918
0.94695,0.479928,4.341589
0.94895,0.475334,4.425901
0.95095,0.470604,4.515324
0.95295,0.465726,4.610396
0.95496,0.460691,4.711738
0.95696,0.455484,4.820070
0.95896,0.450093,4.936236
0.96096,0.444500,5.061227
0.96296,0.438688,5.196220
0.96497,0.432636,5.342625
0.96697,0.426318,5.502146
0.96897,0.419706,5.676867
0.97097,0.412767,5.869364
0.97297,0.405458,6.082872
0.97498,0.397731,6.321516
0.97698,0.389526,6.590647
0.97898,0.380766,6.897365
0.98098,0.371357,7.251322
0.98298,0.361172,7.666036
0.98499,0.350045,8.161151
0.98699,0.337743,8.766527
0.98899,0.323927,9.530286
0.99099,0.308076,10.536234
0.99299,0.289313,11.947157
0.99500,0.265968,14.136471
0.99700,0.234074,18.251324
0.99900,0.177828,31.622777
