A_strain,S(A),SR_over_SRmax,SR_V_per_s
0.00000,1.000000,1.000000,3.388886e+25
0.00250,0.999997,0.999997,3.388875e+25
0.00501,0.999987,0.999987,3.388843e+25
0.00751,0.999972,0.999972,3.388790e+25
0.01002,0.999950,0.999950,3.388716e+25
0.01252,0.999922,0.999922,3.388620e+25
0.01502,0.999887,0.999887,3.388503e+25
0.01753,0.999846,0.999846,3.388365e+25
0.02003,0.999799,0.999799,3.388206e+25
0.02253,0.999746,0.999746,3.388025e+25
0.02504,0.999687,0.999687,3.387823e+25
0.02754,0.999621,0.999621,3.387600e+25
0.03005,0.999549,0.999549,3.387356e+25
0.03255,0.999470,0.999470,3.387090e+25
0.03505,0.999385,0.999385,3.386803e+25
0.03756,0.999295,0.999295,3.386495e+25
0.04006,0.999197,0.999197,3.386165e+25
0.04256,0.999094,0.999094,3.385814e+25
0.04507,0.998984,0.998984,3.385442e+25
0.04757,0.998868,0.998868,3.385049e+25
0.05008,0.998745,0.998745,3.384634e+25
0.05258,0.998617,0.998617,3.384198e+25
0.05508,0.998482,0.998482,3.383741e+25
0.05759,0.998341,0.998341,3.383262e+25
0.06009,0.998193,0.998193,3.382762e+25
0.06259,0.998039,0.998039,3.382240e+25
0.06510,0.997879,0.997879,3.381697e+25
0.06760,0.997712,0.997712,3.381133e+25
0.07011,0.997540,0.997540,3.380548e+25
0.07261,0.997360,0.997360,3.379941e+25
0.07511,0.997175,0.997175,3.379312e+25
0.07762,0.996983,0.996983,3.378662e+25
0.08012,0.996785,0.996785,3.377991e+25
0.08262,0.996581,0.996581,3.377298e+25
0.08513,0.996370,0.996370,3.376584e+25
0.08763,0.996153,0.996153,3.375848e+25
0.09014,0.995930,0.995930,3.375091e+25
0.09264,0.995700,0.995700,3.374313e+25
0.09514,0.995464,0.995464,3.373512e+25
0.09765,0.995221,0.995221,3.372691e+25
0.10015,0.994972,0.994972,3.371847e+25
0.10265,0.994717,0.994717,3.370983e+25
0.10516,0.994456,0.994456,3.370096e+25
0.10766,0.994188,0.994188,3.369188e+25
0.11017,0.993913,0.993913,3.368258e+25
0.11267,0.993633,0.993633,3.367307e+25
0.11517,0.993345,0.993345,3.366334e+25
0.11768,0.993052,0.993052,3.365340e+25
0.12018,0.992752,0.992752,3.364323e+25
0.12268,0.992446,0.992446,3.363285e+25
0.12519,0.992133,0.992133,3.362225e+25
0.12769,0.991814,0.991814,3.361144e+25
0.13020,0.991488,0.991488,3.360041e+25
0.13270,0.991156,0.991156,3.358916e+25
0.13520,0.990818,0.990818,3.357769e+25
0.13771,0.990473,0.990473,3.356600e+25
0.14021,0.990122,0.990122,3.355409e+25
0.14271,0.989764,0.989764,3.354197e+25
0.14522,0.989400,0.989400,3.352962e+25
0.14772,0.989029,0.989029,3.351706e+25
0.15023,0.988652,0.988652,3.350428e+25
0.15273,0.988268,0.988268,3.349127e+25
0.15523,0.987878,0.987878,3.347805e+25
0.15774,0.987481,0.987481,3.346461e+25
0.16024,0.987078,0.987078,3.345094e+25
0.16274,0.986668,0.986668,3.343706e+25
0.16525,0.986252,0.986252,3.342295e+25
0.16775,0.985829,0.985829,3.340863e+25
0.17026,0.985400,0.985400,3.339408e+25
0.17276,0.984964,0.984964,3.337931e+25
0.17526,0.984522,0.984522,3.336431e+25
0.17777,0.984073,0.984073,3.334910e+25
0.18027,0.983617,0.983617,3.333366e+25
0.18277,0.983155,0.983155,3.331799e+25
0.18528,0.982686,0.982686,3.330211e+25
0.18778,0.982211,0.982211,3.328600e+25
0.19029,0.981729,0.981729,3.326966e+25
0.19279,0.981240,0.981240,3.325311e+25
0.19529,0.980745,0.980745,3.323632e+25
0.19780,0.980243,0.980243,3.321931e+25
0.20030,0.979734,0.979734,3.320208e+25
0.20280,0.979219,0.979219,3.318462e+25
0.20531,0.978697,0.978697,3.316693e+25
0.20781,0.978169,0.978169,3.314902e+25
0.21032,0.977634,0.977634,3.313088e+25
0.21282,0.977092,0.977092,3.311251e+25
0.21532,0.976543,0.976543,3.309392e+25
0.21783,0.975987,0.975987,3.307510e+25
0.22033,0.975425,0.975425,3.305604e+25
0.22283,0.974856,0.974856,3.303676e+25
0.22534,0.974281,0.974281,3.301725e+25
0.22784,0.973698,0.973698,3.299751e+25
0.23035,0.973109,0.973109,3.297755e+25
0.23285,0.972513,0.972513,3.295734e+25
0.23535,0.971910,0.971910,3.293691e+25
0.23786,0.971300,0.971300,3.291625e+25
0.24036,0.970684,0.970684,3.289536e+25
0.24286,0.970060,0.970060,3.287423e+25
0.24537,0.969430,0.969430,3.285287e+25
0.24787,0.968793,0.968793,3.283128e+25
0.25038,0.968149,0.968149,3.280945e+25
0.25288,0.967498,0.967498,3.278739e+25
0.25538,0.966840,0.966840,3.276510e+25
0.25789,0.966175,0.966175,3.274257e+25
0.26039,0.965503,0.965503,3.271980e+25
0.26289,0.964825,0.964825,3.269680e+25
0.26540,0.964139,0.964139,3.267356e+25
0.26790,0.963446,0.963446,3.265009e+25
0.27041,0.962746,0.962746,3.262637e+25
0.27291,0.962040,0.962040,3.260242e+25
0.27541,0.961326,0.961326,3.257823e+25
0.27792,0.960605,0.960605,3.255381e+25
0.28042,0.959877,0.959877,3.252914e+25
0.28292,0.959142,0.959142,3.250423e+25
0.28543,0.958400,0.958400,3.247908e+25
0.28793,0.957651,0.957651,3.245369e+25
0.29044,0.956894,0.956894,3.242806e+25
0.29294,0.956131,0.956131,3.240218e+25
0.29544,0.955360,0.955360,3.237606e+25
0.29795,0.954582,0.954582,3.234970e+25
0.30045,0.953797,0.953797,3.232310e+25
0.30295,0.953005,0.953005,3.229625e+25
0.30546,0.952205,0.952205,3.226915e+25
0.30796,0.951399,0.951399,3.224181e+25
0.31047,0.950584,0.950584,3.221422e+25
0.31297,0.949763,0.949763,3.218638e+25
0.31547,0.948934,0.948934,3.215830e+25
0.31798,0.948098,0.948098,3.212997e+25
0.32048,0.947255,0.947255,3.210138e+25
0.32298,0.946404,0.946404,3.207255e+25
0.32549,0.945546,0.945546,3.204347e+25
0.32799,0.944680,0.944680,3.201414e+25
0.33050,0.943807,0.943807,3.198455e+25
0.33300,0.942927,0.942927,3.195471e+25
0.33550,0.942039,0.942039,3.192462e+25
0.33801,0.941143,0.941143,3.189427e+25
0.34051,0.940240,0.940240,3.186367e+25
0.34302,0.939330,0.939330,3.183282e+25
0.34552,0.938412,0.938412,3.180170e+25
0.34802,0.937486,0.937486,3.177033e+25
0.35053,0.936553,0.936553,3.173871e+25
0.35303,0.935612,0.935612,3.170682e+25
0.35553,0.934663,0.934663,3.167467e+25
0.35804,0.933707,0.933707,3.164227e+25
0.36054,0.932743,0.932743,3.160960e+25
0.36305,0.931772,0.931772,3.157667e+25
0.36555,0.930792,0.930792,3.154348e+25
0.36805,0.929805,0.929805,3.151003e+25
0.37056,0.928810,0.928810,3.147631e+25
0.37306,0.927807,0.927807,3.144232e+25
0.37556,0.926796,0.926796,3.140807e+25
0.37807,0.925778,0.925778,3.137356e+25
0.38057,0.924752,0.924752,3.133877e+25
0.38308,0.923717,0.923717,3.130372e+25
0.38558,0.922675,0.922675,3.126840e+25
0.38808,0.921625,0.921625,3.123280e+25
0.39059,0.920566,0.920566,3.119694e+25
0.39309,0.919500,0.919500,3.116080e+25
0.39559,0.918426,0.918426,3.112439e+25
0.39810,0.917343,0.917343,3.108771e+25
0.40060,0.916252,0.916252,3.105075e+25
0.40311,0.915154,0.915154,3.101351e+25
0.40561,0.914047,0.914047,3.097600e+25
0.40811,0.912932,0.912932,3.093821e+25
0.41062,0.911808,0.911808,3.090013e+25
0.41312,0.910676,0.910676,3.086178e+25
0.41562,0.909536,0.909536,3.082315e+25
0.41813,0.908388,0.908388,3.078424e+25
0.42063,0.907232,0.907232,3.074504e+25
0.42314,0.906066,0.906066,3.070556e+25
0.42564,0.904893,0.904893,3.066579e+25
0.42814,0.903711,0.903711,3.062573e+25
0.43065,0.902521,0.902521,3.058539e+25
0.43315,0.901322,0.901322,3.054476e+25
0.43565,0.900114,0.900114,3.050384e+25
0.43816,0.898898,0.898898,3.046263e+25
0.44066,0.897673,0.897673,3.042112e+25
0.44317,0.896440,0.896440,3.037932e+25
0.44567,0.895198,0.895198,3.033723e+25
0.44817,0.893947,0.893947,3.029484e+25
0.45068,0.892687,0.892687,3.025215e+25
0.45318,0.891419,0.891419,3.020916e+25
0.45568,0.890142,0.890142,3.016588e+25
0.45819,0.888855,0.888855,3.012229e+25
0.46069,0.887560,0.887560,3.007840e+25
0.46320,0.886256,0.886256,3.003421e+25
0.46570,0.884943,0.884943,2.998971e+25
0.46820,0.883621,0.883621,2.994490e+25
0.47071,0.882290,0.882290,2.989979e+25
0.47321,0.880949,0.880949,2.985437e+25
0.47571,0.879600,0.879600,2.980863e+25
0.47822,0.878241,0.878241,2.976259e+25
0.48072,0.876873,0.876873,2.971623e+25
0.48323,0.875496,0.875496,2.966955e+25
0.48573,0.874109,0.874109,2.962256e+25
0.48823,0.872713,0.872713,2.957525e+25
0.49074,0.871308,0.871308,2.952763e+25
0.49324,0.869893,0.869893,2.947968e+25
0.49574,0.868468,0.868468,2.943140e+25
0.49825,0.867034,0.867034,2.938281e+25
0.50075,0.865591,0.865591,2.933388e+25
0.50326,0.864138,0.864138,2.928463e+25
0.50576,0.862675,0.862675,2.923505e+25
0.50826,0.861202,0.861202,2.918514e+25
0.51077,0.859719,0.859719,2.913490e+25
0.51327,0.858227,0.858227,2.908432e+25
0.51577,0.856724,0.856724,2.903341e+25
0.51828,0.855212,0.855212,2.898216e+25
0.52078,0.853690,0.853690,2.893057e+25
0.52329,0.852157,0.852157,2.887864e+25
0.52579,0.850615,0.850615,2.882636e+25
0.52829,0.849062,0.849062,2.877374e+25
0.53080,0.847499,0.847499,2.872077e+25
0.53330,0.845926,0.845926,2.866745e+25
0.53580,0.844342,0.844342,2.861379e+25
0.53831,0.842748,0.842748,2.855977e+25
0.54081,0.841143,0.841143,2.850539e+25
0.54332,0.839528,0.839528,2.845066e+25
0.54582,0.837903,0.837903,2.839557e+25
0.54832,0.836266,0.836266,2.834011e+25
0.55083,0.834619,0.834619,2.828430e+25
0.55333,0.832962,0.832962,2.822812e+25
0.55583,0.831293,0.831293,2.817157e+25
0.55834,0.829613,0.829613,2.811465e+25
0.56084,0.827923,0.827923,2.805736e+25
0.56335,0.826221,0.826221,2.799969e+25
0.56585,0.824508,0.824508,2.794165e+25
0.56835,0.822785,0.822785,2.788323e+25
0.57086,0.821049,0.821049,2.782443e+25
0.57336,0.819303,0.819303,2.776524e+25
0.57586,0.817545,0.817545,2.770567e+25
0.57837,0.815776,0.815776,2.764571e+25
0.58087,0.813995,0.813995,2.758535e+25
0.58338,0.812202,0.812202,2.752461e+25
0.58588,0.810398,0.810398,2.746346e+25
0.58838,0.808582,0.808582,2.740192e+25
0.59089,0.806754,0.806754,2.733998e+25
0.59339,0.804914,0.804914,2.727763e+25
0.59589,0.803063,0.803063,2.721487e+25
0.59840,0.801199,0.801199,2.715171e+25
0.60090,0.799323,0.799323,2.708813e+25
0.60341,0.797434,0.797434,2.702413e+25
0.60591,0.795533,0.795533,2.695972e+25
0.60841,0.793620,0.793620,2.689488e+25
0.61092,0.791694,0.791694,2.682962e+25
0.61342,0.789756,0.789756,2.676393e+25
0.61592,0.787805,0.787805,2.669781e+25
0.61843,0.785841,0.785841,2.663125e+25
0.62093,0.783864,0.783864,2.656426e+25
0.62344,0.781874,0.781874,2.649683e+25
0.62594,0.779871,0.779871,2.642895e+25
0.62844,0.777855,0.777855,2.636062e+25
0.63095,0.775826,0.775826,2.629184e+25
0.63345,0.773783,0.773783,2.622261e+25
0.63595,0.771726,0.771726,2.615292e+25
0.63846,0.769656,0.769656,2.608277e+25
0.64096,0.767572,0.767572,2.601215e+25
0.64347,0.765475,0.765475,2.594106e+25
0.64597,0.763363,0.763363,2.586949e+25
0.64847,0.761237,0.761237,2.579745e+25
0.65098,0.759097,0.759097,2.572493e+25
0.65348,0.756943,0.756943,2.565192e+25
0.65598,0.754774,0.754774,2.557843e+25
0.65849,0.752591,0.752591,2.550443e+25
0.66099,0.750393,0.750393,2.542994e+25
0.66350,0.748180,0.748180,2.535495e+25
0.66600,0.745952,0.745952,2.527945e+25
0.66850,0.743709,0.743709,2.520344e+25
0.67101,0.741451,0.741451,2.512691e+25
0.67351,0.739177,0.739177,2.504986e+25
0.67602,0.736888,0.736888,2.497229e+25
0.67852,0.734583,0.734583,2.489418e+25
0.68102,0.732262,0.732262,2.481554e+25
0.68353,0.729926,0.729926,2.473635e+25
0.68603,0.727573,0.727573,2.465662e+25
0.68853,0.725204,0.725204,2.457634e+25
0.69104,0.722819,0.722819,2.449550e+25
0.69354,0.720417,0.720417,2.441410e+25
0.69605,0.717998,0.717998,2.433213e+25
0.69855,0.715562,0.715562,2.424959e+25
0.70105,0.713110,0.713110,2.416647e+25
0.70356,0.710639,0.710639,2.408276e+25
0.70606,0.708152,0.708152,2.399846e+25
0.70856,0.705647,0.705647,2.391356e+25
0.71107,0.703124,0.703124,2.382805e+25
0.71357,0.700582,0.700582,2.374194e+25
0.71608,0.698023,0.698023,2.365521e+25
0.71858,0.695445,0.695445,2.356785e+25
0.72108,0.692849,0.692849,2.347986e+25
0.72359,0.690234,0.690234,2.339123e+25
0.72609,0.687599,0.687599,2.330196e+25
0.72859,0.684946,0.684946,2.321203e+25
0.73110,0.682273,0.682273,2.312144e+25
0.73360,0.679580,0.679580,2.303019e+25
0.73611,0.676867,0.676867,2.293825e+25
0.73861,0.674134,0.674134,2.284563e+25
0.74111,0.671381,0.671381,2.275232e+25
0.74362,0.668606,0.668606,2.265830e+25
0.74612,0.665811,0.665811,2.256358e+25
0.74862,0.662995,0.662995,2.246813e+25
0.75113,0.660157,0.660157,2.237196e+25
0.75363,0.657297,0.657297,2.227505e+25
0.75614,0.654415,0.654415,2.217739e+25
0.75864,0.651511,0.651511,2.207897e+25
0.76114,0.648584,0.648584,2.197978e+25
0.76365,0.645634,0.645634,2.187981e+25
0.76615,0.642661,0.642661,2.177906e+25
0.76865,0.639665,0.639665,2.167750e+25
0.77116,0.636644,0.636644,2.157513e+25
0.77366,0.633599,0.633599,2.147194e+25
0.77617,0.630529,0.630529,2.136792e+25
0.77867,0.627435,0.627435,2.126304e+25
0.78117,0.624315,0.624315,2.115731e+25
0.78368,0.621169,0.621169,2.105070e+25
0.78618,0.617997,0.617997,2.094321e+25
0.78868,0.614799,0.614799,2.083482e+25
0.79119,0.611573,0.611573,2.072551e+25
0.79369,0.608320,0.608320,2.061528e+25
0.79620,0.605039,0.605039,2.050410e+25
0.79870,0.601730,0.601730,2.039196e+25
0.80120,0.598393,0.598393,2.027884e+25
0.80371,0.595026,0.595026,2.016474e+25
0.80621,0.591629,0.591629,2.004962e+25
0.80871,0.588202,0.588202,1.993348e+25
0.81122,0.584744,0.584744,1.981630e+25
0.81372,0.581255,0.581255,1.969805e+25
0.81623,0.577733,0.577733,1.957872e+25
0.81873,0.574180,0.574180,1.945829e+25
0.82123,0.570593,0.570593,1.933674e+25
0.82374,0.566972,0.566972,1.921404e+25
0.82624,0.563317,0.563317,1.909018e+25
0.82874,0.559627,0.559627,1.896513e+25
0.83125,0.555902,0.555902,1.883887e+25
0.83375,0.552139,0.552139,1.871137e+25
0.83626,0.548340,0.548340,1.858261e+25
0.83876,0.544502,0.544502,1.845256e+25
0.84126,0.540626,0.540626,1.832119e+25
0.84377,0.536710,0.536710,1.818848e+25
0.84627,0.532753,0.532753,1.805440e+25
0.84877,0.528755,0.528755,1.791891e+25
0.85128,0.524715,0.524715,1.778198e+25
0.85378,0.520631,0.520631,1.764358e+25
0.85629,0.516502,0.516502,1.750368e+25
0.85879,0.512329,0.512329,1.736223e+25
0.86129,0.508108,0.508108,1.721921e+25
0.86380,0.503840,0.503840,1.707456e+25
0.86630,0.499523,0.499523,1.692826e+25
0.86880,0.495155,0.495155,1.678025e+25
0.87131,0.490736,0.490736,1.663048e+25
0.87381,0.486264,0.486264,1.647893e+25
0.87632,0.481737,0.481737,1.632552e+25
0.87882,0.477154,0.477154,1.617021e+25
0.88132,0.472514,0.472514,1.601295e+25
0.88383,0.467814,0.467814,1.585367e+25
0.88633,0.463053,0.463053,1.569232e+25
0.88883,0.458228,0.458228,1.552883e+25
0.89134,0.453339,0.453339,1.536313e+25
0.89384,0.448382,0.448382,1.519515e+25
0.89635,0.443355,0.443355,1.502481e+25
0.89885,0.438257,0.438257,1.485203e+25
0.90135,0.433084,0.433084,1.467673e+25
0.90386,0.427834,0.427834,1.449882e+25
0.90636,0.422504,0.422504,1.431819e+25
0.90886,0.417091,0.417091,1.413474e+25
0.91137,0.411592,0.411592,1.394837e+25
0.91387,0.406002,0.406002,1.375894e+25
0.91638,0.400319,0.400319,1.356635e+25
0.91888,0.394538,0.394538,1.337044e+25
0.92138,0.388655,0.388655,1.317107e+25
0.92389,0.382665,0.382665,1.296808e+25
0.92639,0.376563,0.376563,1.276129e+25
0.92889,0.370344,0.370344,1.255053e+25
0.93140,0.364001,0.364001,1.233558e+25
0.93390,0.357528,0.357528,1.211623e+25
0.93641,0.350918,0.350918,1.189223e+25
0.93891,0.344163,0.344163,1.166330e+25
0.94141,0.337254,0.337254,1.142917e+25
0.94392,0.330182,0.330182,1.118949e+25
0.94642,0.322935,0.322935,1.094391e+25
0.94892,0.315502,0.315502,1.069201e+25
0.95143,0.307870,0.307870,1.043335e+25
0.95393,0.300022,0.300022,1.016740e+25
0.95644,0.291942,0.291942,9.893573e+24
0.95894,0.283610,0.283610,9.611203e+24
0.96144,0.275002,0.275002,9.319509e+24
0.96395,0.266093,0.266093,9.017587e+24
0.96645,0.256851,0.256851,8.704372e+24
0.96895,0.247238,0.247238,8.378599e+24
0.97146,0.237209,0.237209,8.038741e+24
0.97396,0.226710,0.226710,7.682928e+24
0.97647,0.215671,0.215671,7.308832e+24
0.97897,0.204005,0.204005,6.913483e+24
0.98147,0.191597,0.191597,6.493003e+24
0.98398,0.178293,0.178293,6.042146e+24
0.98648,0.163874,0.163874,5.553518e+24
0.98898,0.148016,0.148016,5.016094e+24
0.99149,0.130193,0.130193,4.412079e+24
0.99399,0.109448,0.109448,3.709080e+24
0.99650,0.083638,0.083638,2.834381e+24
0.99900,0.044710,0.044710,1.515177e+24
