A2,cEM_over_c0,cShear_over_c0
0.00000,1.000000,1.000000
0.00200,1.001003,0.999499
0.00400,1.002008,0.998997
0.00601,1.003017,0.998495
0.00801,1.004028,0.997992
0.01001,1.005043,0.997488
0.01201,1.006061,0.996983
0.01401,1.007082,0.996478
0.01602,1.008106,0.995972
0.01802,1.009133,0.995465
0.02002,1.010163,0.994957
0.02202,1.011196,0.994448
0.02402,1.012233,0.993939
0.02603,1.013273,0.993429
0.02803,1.014316,0.992918
0.03003,1.015362,0.992406
0.03203,1.016411,0.991894
0.03403,1.017464,0.991381
0.03604,1.018520,0.990867
0.03804,1.019579,0.990352
0.04004,1.020642,0.989836
0.04204,1.021708,0.989320
0.04404,1.022777,0.988802
0.04605,1.023850,0.988284
0.04805,1.024926,0.987765
0.05005,1.026005,0.987246
0.05205,1.027088,0.986725
0.05405,1.028175,0.986204
0.05606,1.029264,0.985681
0.05806,1.030358,0.985158
0.06006,1.031454,0.984634
0.06206,1.032554,0.984110
0.06406,1.033658,0.983584
0.06607,1.034765,0.983058
0.06807,1.035876,0.982530
0.07007,1.036991,0.982002
0.07207,1.038109,0.981473
0.07407,1.039231,0.980944
0.07608,1.040356,0.980413
0.07808,1.041485,0.979881
0.08008,1.042617,0.979349
0.08208,1.043754,0.978816
0.08408,1.044894,0.978282
0.08609,1.046038,0.977747
0.08809,1.047185,0.977211
0.09009,1.048337,0.976674
0.09209,1.049492,0.976136
0.09409,1.050651,0.975598
0.09610,1.051814,0.975058
0.09810,1.052981,0.974518
0.10010,1.054151,0.973977
0.10210,1.055326,0.973434
0.10410,1.056504,0.972891
0.10611,1.057687,0.972347
0.10811,1.058873,0.971803
0.11011,1.060064,0.971257
0.11211,1.061258,0.970710
0.11411,1.062456,0.970162
0.11612,1.063659,0.969614
0.11812,1.064866,0.969064
0.12012,1.066076,0.968514
0.12212,1.067291,0.967962
0.12412,1.068510,0.967410
0.12613,1.069734,0.966857
0.12813,1.070961,0.966303
0.13013,1.072193,0.965747
0.13213,1.073429,0.965191
0.13413,1.074669,0.964634
0.13614,1.075914,0.964076
0.13814,1.077162,0.963517
0.14014,1.078416,0.962957
0.14214,1.079673,0.962396
0.14414,1.080935,0.961834
0.14615,1.082202,0.961271
0.14815,1.083473,0.960707
0.15015,1.084748,0.960142
0.15215,1.086028,0.959576
0.15415,1.087313,0.959009
0.15616,1.088602,0.958441
0.15816,1.089895,0.957872
0.16016,1.091194,0.957302
0.16216,1.092497,0.956731
0.16416,1.093804,0.956159
0.16617,1.095116,0.955586
0.16817,1.096433,0.955012
0.17017,1.097755,0.954437
0.17217,1.099082,0.953861
0.17417,1.100413,0.953284
0.17618,1.101750,0.952705
0.17818,1.103091,0.952126
0.18018,1.104437,0.951546
0.18218,1.105788,0.950964
0.18418,1.107144,0.950382
0.18619,1.108505,0.949798
0.18819,1.109871,0.949213
0.19019,1.111242,0.948628
0.19219,1.112618,0.948041
0.19419,1.113999,0.947453
0.19620,1.115386,0.946864
0.19820,1.116777,0.946274
0.20020,1.118174,0.945682
0.20220,1.119576,0.945090
0.20420,1.120984,0.944497
0.20621,1.122396,0.943902
0.20821,1.123814,0.943306
0.21021,1.125238,0.942709
0.21221,1.126667,0.942111
0.21421,1.128101,0.941512
0.21622,1.129541,0.940912
0.21822,1.130986,0.940311
0.22022,1.132437,0.939708
0.22222,1.133894,0.939104
0.22422,1.135356,0.938499
0.22623,1.136824,0.937893
0.22823,1.138297,0.937286
0.23023,1.139776,0.936678
0.23223,1.141261,0.936068
0.23423,1.142752,0.935457
0.23624,1.144249,0.934845
0.23824,1.145752,0.934232
0.24024,1.147260,0.933618
0.24224,1.148775,0.933002
0.24424,1.150295,0.932385
0.24625,1.151822,0.931767
0.24825,1.153355,0.931148
0.25025,1.154893,0.930527
0.25225,1.156438,0.929905
0.25425,1.157990,0.929282
0.25626,1.159547,0.928658
0.25826,1.161111,0.928032
0.26026,1.162681,0.927406
0.26226,1.164258,0.926777
0.26426,1.165841,0.926148
0.26627,1.167430,0.925517
0.26827,1.169026,0.924885
0.27027,1.170628,0.924252
0.27227,1.172238,0.923618
0.27427,1.173853,0.922982
0.27628,1.175476,0.922344
0.27828,1.177105,0.921706
0.28028,1.178741,0.921066
0.28228,1.180384,0.920425
0.28428,1.182034,0.919782
0.28629,1.183690,0.919139
0.28829,1.185354,0.918493
0.29029,1.187025,0.917847
0.29229,1.188702,0.917199
0.29429,1.190387,0.916549
0.29630,1.192079,0.915899
0.29830,1.193779,0.915247
0.30030,1.195485,0.914593
0.30230,1.197199,0.913938
0.30430,1.198921,0.913282
0.30631,1.200649,0.912624
0.30831,1.202386,0.911965
0.31031,1.204130,0.911304
0.31231,1.205881,0.910642
0.31431,1.207640,0.909979
0.31632,1.209407,0.909314
0.31832,1.211182,0.908647
0.32032,1.212964,0.907979
0.32232,1.214754,0.907310
0.32432,1.216553,0.906639
0.32633,1.218359,0.905967
0.32833,1.220174,0.905293
0.33033,1.221996,0.904618
0.33233,1.223827,0.903941
0.33433,1.225666,0.903263
0.33634,1.227513,0.902583
0.33834,1.229369,0.901901
0.34034,1.231233,0.901218
0.34234,1.233105,0.900534
0.34434,1.234986,0.899847
0.34635,1.236876,0.899160
0.34835,1.238775,0.898470
0.35035,1.240682,0.897780
0.35235,1.242598,0.897087
0.35435,1.244523,0.896393
0.35636,1.246457,0.895697
0.35836,1.248400,0.895000
0.36036,1.250352,0.894301
0.36236,1.252314,0.893601
0.36436,1.254284,0.892898
0.36637,1.256264,0.892194
0.36837,1.258254,0.891489
0.37037,1.260252,0.890782
0.37237,1.262261,0.890073
0.37437,1.264279,0.889362
0.37638,1.266307,0.888650
0.37838,1.268344,0.887936
0.38038,1.270391,0.887220
0.38238,1.272449,0.886502
0.38438,1.274516,0.885783
0.38639,1.276594,0.885062
0.38839,1.278681,0.884339
0.39039,1.280779,0.883615
0.39239,1.282887,0.882888
0.39439,1.285006,0.882160
0.39640,1.287135,0.881430
0.39840,1.289275,0.880698
0.40040,1.291426,0.879965
0.40240,1.293587,0.879229
0.40440,1.295760,0.878492
0.40641,1.297943,0.877753
0.40841,1.300137,0.877012
0.41041,1.302343,0.876269
0.41241,1.304559,0.875524
0.41441,1.306787,0.874777
0.41642,1.309027,0.874029
0.41842,1.311278,0.873278
0.42042,1.313541,0.872526
0.42242,1.315815,0.871771
0.42442,1.318102,0.871015
0.42643,1.320400,0.870256
0.42843,1.322711,0.869496
0.43043,1.325033,0.868734
0.43243,1.327368,0.867969
0.43443,1.329715,0.867203
0.43644,1.332075,0.866434
0.43844,1.334447,0.865664
0.44044,1.336833,0.864891
0.44244,1.339230,0.864117
0.44444,1.341641,0.863340
0.44645,1.344065,0.862561
0.44845,1.346502,0.861780
0.45045,1.348953,0.860997
0.45245,1.351417,0.860212
0.45445,1.353894,0.859424
0.45646,1.356385,0.858635
0.45846,1.358890,0.857843
0.46046,1.361409,0.857049
0.46246,1.363942,0.856253
0.46446,1.366489,0.855455
0.46647,1.369050,0.854654
0.46847,1.371626,0.853851
0.47047,1.374216,0.853046
0.47247,1.376821,0.852239
0.47447,1.379442,0.851429
0.47648,1.382077,0.850617
0.47848,1.384727,0.849802
0.48048,1.387392,0.848986
0.48248,1.390073,0.848167
0.48448,1.392770,0.847345
0.48649,1.395482,0.846521
0.48849,1.398210,0.845695
0.49049,1.400955,0.844866
0.49249,1.403715,0.844035
0.49449,1.406492,0.843201
0.49650,1.409285,0.842365
0.49850,1.412096,0.841527
0.50050,1.414923,0.840686
0.50250,1.417767,0.839842
0.50451,1.420628,0.838996
0.50651,1.423507,0.838147
0.50851,1.426403,0.837296
0.51051,1.429317,0.836442
0.51251,1.432249,0.835585
0.51452,1.435199,0.834726
0.51652,1.438167,0.833864
0.51852,1.441154,0.833000
0.52052,1.444160,0.832132
0.52252,1.447184,0.831262
0.52453,1.450228,0.830390
0.52653,1.453290,0.829514
0.52853,1.456373,0.828636
0.53053,1.459475,0.827755
0.53253,1.462597,0.826871
0.53454,1.465739,0.825984
0.53654,1.468901,0.825095
0.53854,1.472084,0.824202
0.54054,1.475287,0.823307
0.54254,1.478512,0.822408
0.54455,1.481758,0.821507
0.54655,1.485025,0.820603
0.54855,1.488315,0.819696
0.55055,1.491626,0.818785
0.55255,1.494959,0.817872
0.55456,1.498315,0.816956
0.55656,1.501693,0.816036
0.55856,1.505094,0.815114
0.56056,1.508519,0.814188
0.56256,1.511967,0.813259
0.56457,1.515439,0.812327
0.56657,1.518935,0.811392
0.56857,1.522455,0.810453
0.57057,1.525999,0.809511
0.57257,1.529569,0.808566
0.57458,1.533164,0.807617
0.57658,1.536784,0.806666
0.57858,1.540430,0.805710
0.58058,1.544102,0.804752
0.58258,1.547801,0.803790
0.58459,1.551526,0.802824
0.58659,1.555278,0.801855
0.58859,1.559058,0.800883
0.59059,1.562865,0.799907
0.59259,1.566700,0.798927
0.59460,1.570564,0.797944
0.59660,1.574456,0.796957
0.59860,1.578378,0.795966
0.60060,1.582328,0.794972
0.60260,1.586309,0.793974
0.60461,1.590320,0.792972
0.60661,1.594362,0.791966
0.60861,1.598434,0.790957
0.61061,1.602538,0.789943
0.61261,1.606673,0.788926
0.61462,1.610841,0.787905
0.61662,1.615042,0.786879
0.61862,1.619275,0.785850
0.62062,1.623542,0.784817
0.62262,1.627843,0.783779
0.62463,1.632178,0.782738
0.62663,1.636548,0.781692
0.62863,1.640953,0.780642
0.63063,1.645394,0.779588
0.63263,1.649871,0.778529
0.63464,1.654385,0.777466
0.63664,1.658937,0.776399
0.63864,1.663526,0.775328
0.64064,1.668153,0.774251
0.64264,1.672819,0.773171
0.64465,1.677525,0.772086
0.64665,1.682270,0.770996
0.64865,1.687056,0.769902
0.65065,1.691883,0.768802
0.65265,1.696752,0.767699
0.65466,1.701663,0.766590
0.65666,1.706617,0.765477
0.65866,1.711615,0.764358
0.66066,1.716656,0.763235
0.66266,1.721743,0.762107
0.66467,1.726874,0.760974
0.66667,1.732053,0.759835
0.66867,1.737277,0.758692
0.67067,1.742550,0.757543
0.67267,1.747871,0.756389
0.67468,1.753241,0.755230
0.67668,1.758660,0.754065
0.67868,1.764130,0.752895
0.68068,1.769652,0.751720
0.68268,1.775226,0.750539
0.68469,1.780852,0.749352
0.68669,1.786533,0.748160
0.68869,1.792268,0.746962
0.69069,1.798059,0.745758
0.69269,1.803907,0.744548
0.69470,1.809811,0.743333
0.69670,1.815775,0.742111
0.69870,1.821797,0.740884
0.70070,1.827880,0.739650
0.70270,1.834024,0.738410
0.70471,1.840231,0.737164
0.70671,1.846501,0.735911
0.70871,1.852835,0.734652
0.71071,1.859235,0.733386
0.71271,1.865702,0.732114
0.71472,1.872237,0.730835
0.71672,1.878841,0.729550
0.71872,1.885516,0.728257
0.72072,1.892262,0.726958
0.72272,1.899081,0.725652
0.72473,1.905974,0.724338
0.72673,1.912943,0.723018
0.72873,1.919989,0.721690
0.73073,1.927113,0.720355
0.73273,1.934317,0.719012
0.73474,1.941603,0.717662
0.73674,1.948971,0.716304
0.73874,1.956425,0.714938
0.74074,1.963964,0.713565
0.74274,1.971591,0.712183
0.74475,1.979308,0.710793
0.74675,1.987116,0.709396
0.74875,1.995017,0.707989
0.75075,2.003013,0.706575
0.75275,2.011106,0.705152
0.75476,2.019298,0.703720
0.75676,2.027591,0.702279
0.75876,2.035987,0.700830
0.76076,2.044488,0.699371
0.76276,2.053096,0.697903
0.76477,2.061814,0.696426
0.76677,2.070644,0.694940
0.76877,2.079589,0.693444
0.77077,2.088650,0.691938
0.77277,2.097831,0.690422
0.77478,2.107134,0.688896
0.77678,2.116562,0.687360
0.77878,2.126118,0.685814
0.78078,2.135804,0.684257
0.78278,2.145624,0.682689
0.78479,2.155581,0.681111
0.78679,2.165677,0.679521
0.78879,2.175917,0.677921
0.79079,2.186303,0.676308
0.79279,2.196840,0.674685
0.79480,2.207530,0.673049
0.79680,2.218378,0.671401
0.79880,2.229388,0.669741
0.80080,2.240563,0.668069
0.80280,2.251907,0.666384
0.80481,2.263426,0.664686
0.80681,2.275124,0.662976
0.80881,2.287004,0.661251
0.81081,2.299073,0.659513
0.81281,2.311335,0.657762
0.81482,2.323795,0.655996
0.81682,2.336459,0.654216
0.81882,2.349332,0.652421
0.82082,2.362421,0.650611
0.82282,2.375730,0.648786
0.82483,2.389267,0.646945
0.82683,2.403039,0.645089
0.82883,2.417051,0.643216
0.83083,2.431311,0.641327
0.83283,2.445826,0.639421
0.83484,2.460605,0.637498
0.83684,2.475655,0.635558
0.83884,2.490984,0.633599
0.84084,2.506602,0.631622
0.84284,2.522517,0.629626
0.84485,2.538739,0.627612
0.84685,2.555278,0.625577
0.84885,2.572145,0.623523
0.85085,2.589351,0.621448
0.85285,2.606906,0.619352
0.85486,2.624823,0.617234
0.85686,2.643115,0.615095
0.85886,2.661794,0.612933
0.86086,2.680876,0.610747
0.86286,2.700373,0.608539
0.86487,2.720303,0.606305
0.86687,2.740680,0.604047
0.86887,2.761522,0.601763
0.87087,2.782847,0.599453
0.87287,2.804674,0.597116
0.87488,2.827022,0.594751
0.87688,2.849914,0.592358
0.87888,2.873371,0.589935
0.88088,2.897416,0.587482
0.88288,2.922076,0.584998
0.88489,2.947376,0.582482
0.88689,2.973344,0.579932
0.88889,3.000012,0.577349
0.89089,3.027410,0.574731
0.89289,3.055573,0.572076
0.89490,3.084537,0.569384
0.89690,3.114340,0.566653
0.89890,3.145024,0.563882
0.90090,3.176634,0.561069
0.90290,3.209216,0.558214
0.90491,3.242821,0.555314
0.90691,3.277505,0.552368
0.90891,3.313326,0.549374
0.91091,3.350348,0.546330
0.91291,3.388640,0.543234
0.91492,3.428275,0.540085
0.91692,3.469334,0.536880
0.91892,3.511905,0.533616
0.92092,3.556082,0.530291
0.92292,3.601969,0.526902
0.92493,3.649680,0.523447
0.92693,3.699339,0.519922
0.92893,3.751081,0.516323
0.93093,3.805057,0.512648
0.93293,3.861432,0.508892
0.93494,3.920389,0.505051
0.93694,3.982132,0.501120
0.93894,4.046888,0.497095
0.94094,4.114909,0.492969
0.94294,4.186479,0.488737
0.94495,4.261918,0.484393
0.94695,4.341589,0.479928
0.94895,4.425901,0.475334
0.95095,4.515324,0.470604
0.95295,4.610396,0.465726
0.95496,4.711738,0.460691
0.95696,4.820070,0.455484
0.95896,4.936236,0.450093
0.96096,5.061227,0.444500
0.96296,5.196220,0.438688
0.96497,5.342625,0.432636
0.96697,5.502146,0.426318
0.96897,5.676867,0.419706
0.97097,5.869364,0.412767
0.97297,6.082872,0.405458
0.97498,6.321516,0.397731
0.97698,6.590647,0.389526
0.97898,6.897365,0.380766
0.98098,7.251322,0.371357
0.98298,7.666036,0.361172
0.98499,8.161151,0.350045
0.98699,8.766527,0.337743
0.98899,9.530286,0.323927
0.99099,10.536234,0.308076
0.99299,11.947157,0.289313
0.99500,14.136471,0.265968
0.99700,18.251324,0.234074
0.99900,31.622777,0.177828
