A2,S,Z_SYM_ohm,Z_mu_only_ohm,Z_eps_only_ohm
0.00000,1.000000,376.7303,376.7303,376.7303
0.00200,0.998998,376.7303,376.5416,376.9191
0.00400,0.997996,376.7303,376.3526,377.1084
0.00601,0.996992,376.7303,376.1634,377.2981
0.00801,0.995988,376.7303,375.9738,377.4883
0.01001,0.994982,376.7303,375.7840,377.6790
0.01201,0.993976,376.7303,375.5939,377.8702
0.01401,0.992968,376.7303,375.4034,378.0619
0.01602,0.991960,376.7303,375.2127,378.2540
0.01802,0.990950,376.7303,375.0217,378.4467
0.02002,0.989939,376.7303,374.8305,378.6398
0.02202,0.988928,376.7303,374.6389,378.8334
0.02402,0.987915,376.7303,374.4470,379.0276
0.02603,0.986901,376.7303,374.2548,379.2222
0.02803,0.985886,376.7303,374.0624,379.4173
0.03003,0.984871,376.7303,373.8696,379.6129
0.03203,0.983854,376.7303,373.6765,379.8091
0.03403,0.982836,376.7303,373.4832,380.0057
0.03604,0.981817,376.7303,373.2895,380.2029
0.03804,0.980797,376.7303,373.0955,380.4005
0.04004,0.979775,376.7303,372.9013,380.5987
0.04204,0.978753,376.7303,372.7067,380.7974
0.04404,0.977730,376.7303,372.5118,380.9966
0.04605,0.976706,376.7303,372.3166,381.1963
0.04805,0.975680,376.7303,372.1211,381.3966
0.05005,0.974654,376.7303,371.9253,381.5974
0.05205,0.973626,376.7303,371.7292,381.7987
0.05405,0.972597,376.7303,371.5328,382.0006
0.05606,0.971568,376.7303,371.3360,382.2029
0.05806,0.970537,376.7303,371.1390,382.4059
0.06006,0.969505,376.7303,370.9416,382.6093
0.06206,0.968472,376.7303,370.7440,382.8133
0.06406,0.967438,376.7303,370.5460,383.0179
0.06607,0.966403,376.7303,370.3477,383.2230
0.06807,0.965366,376.7303,370.1490,383.4286
0.07007,0.964329,376.7303,369.9501,383.6348
0.07207,0.963290,376.7303,369.7508,383.8416
0.07407,0.962250,376.7303,369.5512,384.0489
0.07608,0.961210,376.7303,369.3513,384.2568
0.07808,0.960168,376.7303,369.1510,384.4652
0.08008,0.959125,376.7303,368.9505,384.6742
0.08208,0.958080,376.7303,368.7496,384.8838
0.08408,0.957035,376.7303,368.5483,385.0939
0.08609,0.955988,376.7303,368.3468,385.3047
0.08809,0.954941,376.7303,368.1449,385.5160
0.09009,0.953892,376.7303,367.9427,385.7278
0.09209,0.952842,376.7303,367.7401,385.9403
0.09409,0.951791,376.7303,367.5372,386.1533
0.09610,0.950739,376.7303,367.3340,386.3670
0.09810,0.949685,376.7303,367.1304,386.5812
0.10010,0.948630,376.7303,366.9265,386.7960
0.10210,0.947575,376.7303,366.7223,387.0115
0.10410,0.946518,376.7303,366.5177,387.2275
0.10611,0.945460,376.7303,366.3128,387.4441
0.10811,0.944400,376.7303,366.1075,387.6614
0.11011,0.943340,376.7303,365.9019,387.8792
0.11211,0.942278,376.7303,365.6959,388.0977
0.11411,0.941215,376.7303,365.4896,388.3168
0.11612,0.940151,376.7303,365.2829,388.5365
0.11812,0.939086,376.7303,365.0759,388.7568
0.12012,0.938019,376.7303,364.8685,388.9777
0.12212,0.936951,376.7303,364.6608,389.1993
0.12412,0.935882,376.7303,364.4527,389.4215
0.12613,0.934812,376.7303,364.2443,389.6444
0.12813,0.933741,376.7303,364.0355,389.8678
0.13013,0.932668,376.7303,363.8263,390.0920
0.13213,0.931594,376.7303,363.6168,390.3167
0.13413,0.930519,376.7303,363.4069,390.5422
0.13614,0.929443,376.7303,363.1967,390.7682
0.13814,0.928365,376.7303,362.9861,390.9950
0.14014,0.927286,376.7303,362.7751,391.2224
0.14214,0.926206,376.7303,362.5638,391.4504
0.14414,0.925125,376.7303,362.3520,391.6791
0.14615,0.924042,376.7303,362.1399,391.9085
0.14815,0.922958,376.7303,361.9275,392.1386
0.15015,0.921873,376.7303,361.7146,392.3693
0.15215,0.920786,376.7303,361.5014,392.6007
0.15415,0.919699,376.7303,361.2878,392.8328
0.15616,0.918610,376.7303,361.0739,393.0656
0.15816,0.917519,376.7303,360.8595,393.2991
0.16016,0.916428,376.7303,360.6448,393.5333
0.16216,0.915335,376.7303,360.4297,393.7682
0.16416,0.914240,376.7303,360.2142,394.0037
0.16617,0.913145,376.7303,359.9983,394.2400
0.16817,0.912048,376.7303,359.7820,394.4770
0.17017,0.910950,376.7303,359.5653,394.7147
0.17217,0.909850,376.7303,359.3483,394.9532
0.17417,0.908749,376.7303,359.1308,395.1923
0.17618,0.907647,376.7303,358.9130,395.4322
0.17818,0.906544,376.7303,358.6947,395.6728
0.18018,0.905439,376.7303,358.4761,395.9141
0.18218,0.904333,376.7303,358.2570,396.1562
0.18418,0.903225,376.7303,358.0375,396.3990
0.18619,0.902116,376.7303,357.8177,396.6426
0.18819,0.901006,376.7303,357.5974,396.8869
0.19019,0.899894,376.7303,357.3768,397.1320
0.19219,0.898781,376.7303,357.1557,397.3778
0.19419,0.897667,376.7303,356.9342,397.6244
0.19620,0.896551,376.7303,356.7123,397.8717
0.19820,0.895434,376.7303,356.4900,398.1199
0.20020,0.894315,376.7303,356.2672,398.3688
0.20220,0.893195,376.7303,356.0441,398.6184
0.20420,0.892074,376.7303,355.8205,398.8689
0.20621,0.890951,376.7303,355.5965,399.1202
0.20821,0.889827,376.7303,355.3721,399.3722
0.21021,0.888701,376.7303,355.1472,399.6251
0.21221,0.887574,376.7303,354.9219,399.8787
0.21421,0.886445,376.7303,354.6962,400.1332
0.21622,0.885316,376.7303,354.4701,400.3884
0.21822,0.884184,376.7303,354.2435,400.6445
0.22022,0.883051,376.7303,354.0165,400.9014
0.22222,0.881917,376.7303,353.7891,401.1592
0.22422,0.880781,376.7303,353.5612,401.4177
0.22623,0.879644,376.7303,353.3329,401.6771
0.22823,0.878505,376.7303,353.1041,401.9374
0.23023,0.877365,376.7303,352.8749,402.1984
0.23223,0.876223,376.7303,352.6452,402.4604
0.23423,0.875080,376.7303,352.4151,402.7232
0.23624,0.873936,376.7303,352.1845,402.9868
0.23824,0.872790,376.7303,351.9535,403.2513
0.24024,0.871642,376.7303,351.7221,403.5167
0.24224,0.870493,376.7303,351.4901,403.7830
0.24424,0.869342,376.7303,351.2577,404.0501
0.24625,0.868190,376.7303,351.0249,404.3181
0.24825,0.867036,376.7303,350.7916,404.5871
0.25025,0.865881,376.7303,350.5578,404.8569
0.25225,0.864724,376.7303,350.3235,405.1276
0.25425,0.863566,376.7303,350.0888,405.3992
0.25626,0.862406,376.7303,349.8536,405.6718
0.25826,0.861244,376.7303,349.6179,405.9452
0.26026,0.860081,376.7303,349.3818,406.2196
0.26226,0.858916,376.7303,349.1452,406.4949
0.26426,0.857750,376.7303,348.9081,406.7712
0.26627,0.856582,376.7303,348.6705,407.0483
0.26827,0.855413,376.7303,348.4324,407.3265
0.27027,0.854242,376.7303,348.1938,407.6056
0.27227,0.853069,376.7303,347.9547,407.8856
0.27427,0.851895,376.7303,347.7152,408.1666
0.27628,0.850719,376.7303,347.4751,408.4486
0.27828,0.849542,376.7303,347.2346,408.7316
0.28028,0.848363,376.7303,346.9935,409.0155
0.28228,0.847182,376.7303,346.7520,409.3004
0.28428,0.846000,376.7303,346.5099,409.5863
0.28629,0.844816,376.7303,346.2673,409.8733
0.28829,0.843630,376.7303,346.0243,410.1612
0.29029,0.842443,376.7303,345.7807,410.4502
0.29229,0.841253,376.7303,345.5366,410.7401
0.29429,0.840063,376.7303,345.2919,411.0311
0.29630,0.838870,376.7303,345.0468,411.3232
0.29830,0.837676,376.7303,344.8011,411.6162
0.30030,0.836480,376.7303,344.5549,411.9103
0.30230,0.835283,376.7303,344.3082,412.2055
0.30430,0.834084,376.7303,344.0609,412.5017
0.30631,0.832883,376.7303,343.8131,412.7990
0.30831,0.831680,376.7303,343.5648,413.0974
0.31031,0.830475,376.7303,343.3159,413.3969
0.31231,0.829269,376.7303,343.0665,413.6974
0.31431,0.828061,376.7303,342.8166,413.9991
0.31632,0.826851,376.7303,342.5661,414.3018
0.31832,0.825640,376.7303,342.3150,414.6056
0.32032,0.824427,376.7303,342.0634,414.9106
0.32232,0.823212,376.7303,341.8112,415.2167
0.32432,0.821995,376.7303,341.5585,415.5239
0.32633,0.820776,376.7303,341.3052,415.8323
0.32833,0.819556,376.7303,341.0513,416.1418
0.33033,0.818333,376.7303,340.7969,416.4525
0.33233,0.817109,376.7303,340.5419,416.7643
0.33433,0.815883,376.7303,340.2864,417.0773
0.33634,0.814655,376.7303,340.0302,417.3915
0.33834,0.813426,376.7303,339.7735,417.7069
0.34034,0.812194,376.7303,339.5162,418.0234
0.34234,0.810961,376.7303,339.2583,418.3412
0.34434,0.809725,376.7303,338.9998,418.6602
0.34635,0.808488,376.7303,338.7407,418.9804
0.34835,0.807249,376.7303,338.4811,419.3018
0.35035,0.806008,376.7303,338.2208,419.6245
0.35235,0.804765,376.7303,337.9599,419.9484
0.35435,0.803521,376.7303,337.6984,420.2736
0.35636,0.802274,376.7303,337.4364,420.6000
0.35836,0.801025,376.7303,337.1737,420.9277
0.36036,0.799775,376.7303,336.9103,421.2567
0.36236,0.798522,376.7303,336.6464,421.5869
0.36436,0.797267,376.7303,336.3819,421.9185
0.36637,0.796011,376.7303,336.1167,422.2514
0.36837,0.794752,376.7303,335.8509,422.5856
0.37037,0.793492,376.7303,335.5844,422.9211
0.37237,0.792229,376.7303,335.3173,423.2579
0.37437,0.790965,376.7303,335.0496,423.5961
0.37638,0.789698,376.7303,334.7813,423.9357
0.37838,0.788430,376.7303,334.5123,424.2766
0.38038,0.787159,376.7303,334.2426,424.6189
0.38238,0.785886,376.7303,333.9723,424.9626
0.38438,0.784612,376.7303,333.7013,425.3077
0.38639,0.783335,376.7303,333.4297,425.6542
0.38839,0.782056,376.7303,333.1574,426.0021
0.39039,0.780775,376.7303,332.8844,426.3514
0.39239,0.779492,376.7303,332.6108,426.7022
0.39439,0.778206,376.7303,332.3364,427.0544
0.39640,0.776919,376.7303,332.0614,427.4080
0.39840,0.775630,376.7303,331.7858,427.7632
0.40040,0.774338,376.7303,331.5094,428.1198
0.40240,0.773044,376.7303,331.2323,428.4779
0.40440,0.771748,376.7303,330.9546,428.8375
0.40641,0.770450,376.7303,330.6761,429.1986
0.40841,0.769150,376.7303,330.3969,429.5613
0.41041,0.767847,376.7303,330.1170,429.9255
0.41241,0.766542,376.7303,329.8364,430.2912
0.41441,0.765235,376.7303,329.5551,430.6585
0.41642,0.763926,376.7303,329.2731,431.0274
0.41842,0.762615,376.7303,328.9903,431.3979
0.42042,0.761301,376.7303,328.7069,431.7699
0.42242,0.759985,376.7303,328.4226,432.1436
0.42442,0.758667,376.7303,328.1377,432.5189
0.42643,0.757346,376.7303,327.8519,432.8958
0.42843,0.756023,376.7303,327.5655,433.2744
0.43043,0.754698,376.7303,327.2783,433.6546
0.43243,0.753371,376.7303,326.9903,434.0365
0.43443,0.752041,376.7303,326.7016,434.4201
0.43644,0.750708,376.7303,326.4121,434.8054
0.43844,0.749374,376.7303,326.1218,435.1924
0.44044,0.748037,376.7303,325.8307,435.5811
0.44244,0.746697,376.7303,325.5389,435.9716
0.44444,0.745356,376.7303,325.2463,436.3639
0.44645,0.744011,376.7303,324.9529,436.7579
0.44845,0.742665,376.7303,324.6587,437.1537
0.45045,0.741316,376.7303,324.3637,437.5513
0.45245,0.739964,376.7303,324.0678,437.9507
0.45445,0.738610,376.7303,323.7712,438.3519
0.45646,0.737254,376.7303,323.4738,438.7550
0.45846,0.735895,376.7303,323.1755,439.1599
0.46046,0.734533,376.7303,322.8764,439.5668
0.46246,0.733169,376.7303,322.5765,439.9755
0.46446,0.731803,376.7303,322.2757,440.3861
0.46647,0.730433,376.7303,321.9741,440.7986
0.46847,0.729062,376.7303,321.6716,441.2131
0.47047,0.727687,376.7303,321.3683,441.6295
0.47247,0.726311,376.7303,321.0641,442.0480
0.47447,0.724931,376.7303,320.7591,442.4684
0.47648,0.723549,376.7303,320.4531,442.8908
0.47848,0.722164,376.7303,320.1463,443.3152
0.48048,0.720777,376.7303,319.8386,443.7417
0.48248,0.719387,376.7303,319.5301,444.1702
0.48448,0.717994,376.7303,319.2206,444.6008
0.48649,0.716598,376.7303,318.9102,445.0335
0.48849,0.715200,376.7303,318.5989,445.4683
0.49049,0.713799,376.7303,318.2867,445.9053
0.49249,0.712395,376.7303,317.9736,446.3444
0.49449,0.710989,376.7303,317.6596,446.7856
0.49650,0.709579,376.7303,317.3446,447.2291
0.49850,0.708167,376.7303,317.0287,447.6748
0.50050,0.706752,376.7303,316.7118,448.1227
0.50250,0.705335,376.7303,316.3940,448.5728
0.50451,0.703914,376.7303,316.0752,449.0252
0.50651,0.702491,376.7303,315.7554,449.4799
0.50851,0.701064,376.7303,315.4347,449.9370
0.51051,0.699635,376.7303,315.1130,450.3963
0.51251,0.698203,376.7303,314.7903,450.8580
0.51452,0.696768,376.7303,314.4666,451.3221
0.51652,0.695329,376.7303,314.1419,451.7886
0.51852,0.693888,376.7303,313.8162,452.2575
0.52052,0.692444,376.7303,313.4895,452.7289
0.52252,0.690997,376.7303,313.1617,453.2027
0.52453,0.689547,376.7303,312.8329,453.6790
0.52653,0.688094,376.7303,312.5031,454.1578
0.52853,0.686637,376.7303,312.1723,454.6392
0.53053,0.685178,376.7303,311.8403,455.1231
0.53253,0.683716,376.7303,311.5073,455.6096
0.53454,0.682250,376.7303,311.1733,456.0987
0.53654,0.680781,376.7303,310.8382,456.5904
0.53854,0.679309,376.7303,310.5019,457.0849
0.54054,0.677834,376.7303,310.1646,457.5820
0.54254,0.676356,376.7303,309.8262,458.0818
0.54455,0.674874,376.7303,309.4866,458.5843
0.54655,0.673389,376.7303,309.1460,459.0897
0.54855,0.671901,376.7303,308.8042,459.5978
0.55055,0.670410,376.7303,308.4613,460.1087
0.55255,0.668915,376.7303,308.1172,460.6225
0.55456,0.667417,376.7303,307.7720,461.1392
0.55656,0.665915,376.7303,307.4256,461.6588
0.55856,0.664410,376.7303,307.0780,462.1814
0.56056,0.662902,376.7303,306.7292,462.7069
0.56256,0.661390,376.7303,306.3793,463.2354
0.56457,0.659875,376.7303,306.0281,463.7669
0.56657,0.658356,376.7303,305.6758,464.3015
0.56857,0.656834,376.7303,305.3222,464.8392
0.57057,0.655308,376.7303,304.9674,465.3800
0.57257,0.653779,376.7303,304.6113,465.9240
0.57458,0.652246,376.7303,304.2540,466.4712
0.57658,0.650709,376.7303,303.8954,467.0216
0.57858,0.649169,376.7303,303.5356,467.5753
0.58058,0.647626,376.7303,303.1744,468.1323
0.58258,0.646078,376.7303,302.8120,468.6926
0.58459,0.644527,376.7303,302.4482,469.2563
0.58659,0.642972,376.7303,302.0832,469.8233
0.58859,0.641413,376.7303,301.7168,470.3939
0.59059,0.639851,376.7303,301.3491,470.9679
0.59259,0.638284,376.7303,300.9800,471.5454
0.59460,0.636714,376.7303,300.6096,472.1265
0.59660,0.635140,376.7303,300.2377,472.7111
0.59860,0.633562,376.7303,299.8645,473.2995
0.60060,0.631980,376.7303,299.4900,473.8915
0.60260,0.630394,376.7303,299.1139,474.4872
0.60461,0.628804,376.7303,298.7365,475.0867
0.60661,0.627210,376.7303,298.3576,475.6899
0.60861,0.625612,376.7303,297.9773,476.2971
0.61061,0.624010,376.7303,297.5955,476.9081
0.61261,0.622404,376.7303,297.2123,477.5231
0.61462,0.620794,376.7303,296.8275,478.1420
0.61662,0.619179,376.7303,296.4413,478.7650
0.61862,0.617560,376.7303,296.0535,479.3921
0.62062,0.615937,376.7303,295.6643,480.0233
0.62262,0.614310,376.7303,295.2734,480.6587
0.62463,0.612678,376.7303,294.8810,481.2983
0.62663,0.611042,376.7303,294.4871,481.9422
0.62863,0.609402,376.7303,294.0915,482.5904
0.63063,0.607757,376.7303,293.6944,483.2430
0.63263,0.606108,376.7303,293.2956,483.9000
0.63464,0.604454,376.7303,292.8952,484.5615
0.63664,0.602796,376.7303,292.4931,485.2276
0.63864,0.601133,376.7303,292.0894,485.8982
0.64064,0.599465,376.7303,291.6840,486.5736
0.64264,0.597793,376.7303,291.2769,487.2536
0.64465,0.596116,376.7303,290.8681,487.9385
0.64665,0.594435,376.7303,290.4576,488.6281
0.64865,0.592748,376.7303,290.0453,489.3227
0.65065,0.591057,376.7303,289.6312,490.0222
0.65265,0.589361,376.7303,289.2154,490.7268
0.65466,0.587660,376.7303,288.7977,491.4365
0.65666,0.585955,376.7303,288.3783,492.1513
0.65866,0.584244,376.7303,287.9570,492.8713
0.66066,0.582528,376.7303,287.5338,493.5967
0.66266,0.580807,376.7303,287.1088,494.3274
0.66467,0.579081,376.7303,286.6818,495.0636
0.66667,0.577350,376.7303,286.2530,495.8052
0.66867,0.575613,376.7303,285.8222,496.5525
0.67067,0.573872,376.7303,285.3895,497.3054
0.67267,0.572125,376.7303,284.9548,498.0641
0.67468,0.570372,376.7303,284.5180,498.8286
0.67668,0.568615,376.7303,284.0793,499.5990
0.67868,0.566852,376.7303,283.6385,500.3754
0.68068,0.565083,376.7303,283.1957,501.1578
0.68268,0.563309,376.7303,282.7508,501.9464
0.68469,0.561529,376.7303,282.3037,502.7413
0.68669,0.559743,376.7303,281.8545,503.5425
0.68869,0.557952,376.7303,281.4032,504.3501
0.69069,0.556155,376.7303,280.9497,505.1642
0.69269,0.554352,376.7303,280.4940,505.9849
0.69470,0.552544,376.7303,280.0360,506.8124
0.69670,0.550729,376.7303,279.5758,507.6467
0.69870,0.548909,376.7303,279.1133,508.4878
0.70070,0.547082,376.7303,278.6485,509.3360
0.70270,0.545249,376.7303,278.1814,510.1913
0.70471,0.543410,376.7303,277.7119,511.0539
0.70671,0.541565,376.7303,277.2400,511.9238
0.70871,0.539713,376.7303,276.7656,512.8011
0.71071,0.537856,376.7303,276.2889,513.6860
0.71271,0.535991,376.7303,275.8096,514.5786
0.71472,0.534120,376.7303,275.3278,515.4790
0.71672,0.532243,376.7303,274.8435,516.3874
0.71872,0.530359,376.7303,274.3567,517.3038
0.72072,0.528468,376.7303,273.8672,518.2284
0.72272,0.526571,376.7303,273.3750,519.1613
0.72473,0.524666,376.7303,272.8802,520.1026
0.72673,0.522755,376.7303,272.3827,521.0526
0.72873,0.520836,376.7303,271.8825,522.0113
0.73073,0.518911,376.7303,271.3795,522.9789
0.73273,0.516978,376.7303,270.8736,523.9555
0.73474,0.515038,376.7303,270.3649,524.9413
0.73674,0.513091,376.7303,269.8534,525.9365
0.73874,0.511136,376.7303,269.3389,526.9412
0.74074,0.509174,376.7303,268.8214,527.9555
0.74274,0.507205,376.7303,268.3009,528.9797
0.74475,0.505227,376.7303,267.7774,530.0138
0.74675,0.503242,376.7303,267.2508,531.0582
0.74875,0.501249,376.7303,266.7211,532.1130
0.75075,0.499248,376.7303,266.1881,533.1783
0.75275,0.497239,376.7303,265.6520,534.2543
0.75476,0.495222,376.7303,265.1126,535.3413
0.75676,0.493196,376.7303,264.5699,536.4395
0.75876,0.491162,376.7303,264.0238,537.5490
0.76076,0.489120,376.7303,263.4743,538.6700
0.76276,0.487069,376.7303,262.9214,539.8029
0.76477,0.485010,376.7303,262.3649,540.9478
0.76677,0.482941,376.7303,261.8049,542.1049
0.76877,0.480864,376.7303,261.2413,543.2745
0.77077,0.478778,376.7303,260.6740,544.4568
0.77277,0.476683,376.7303,260.1030,545.6521
0.77478,0.474578,376.7303,259.5281,546.8607
0.77678,0.472464,376.7303,258.9495,548.0827
0.77878,0.470341,376.7303,258.3669,549.3185
0.78078,0.468208,376.7303,257.7804,550.5684
0.78278,0.466065,376.7303,257.1898,551.8327
0.78479,0.463912,376.7303,256.5951,553.1115
0.78679,0.461749,376.7303,255.9963,554.4054
0.78879,0.459576,376.7303,255.3932,555.7145
0.79079,0.457393,376.7303,254.7859,557.0392
0.79279,0.455199,376.7303,254.1741,558.3799
0.79480,0.452995,376.7303,253.5580,559.7368
0.79680,0.450780,376.7303,252.9372,561.1104
0.79880,0.448554,376.7303,252.3119,562.5011
0.80080,0.446316,376.7303,251.6819,563.9091
0.80280,0.444068,376.7303,251.0472,565.3349
0.80481,0.441808,376.7303,250.4075,566.7790
0.80681,0.439537,376.7303,249.7630,568.2417
0.80881,0.437253,376.7303,249.1134,569.7234
0.81081,0.434958,376.7303,248.4587,571.2247
0.81281,0.432650,376.7303,247.7988,572.7459
0.81482,0.430331,376.7303,247.1335,574.2877
0.81682,0.427998,376.7303,246.4629,575.8504
0.81882,0.425653,376.7303,245.7867,577.4346
0.82082,0.423295,376.7303,245.1049,579.0408
0.82282,0.420923,376.7303,244.4173,580.6697
0.82483,0.418538,376.7303,243.7239,582.3217
0.82683,0.416140,376.7303,243.0246,583.9974
0.82883,0.413727,376.7303,242.3191,585.6976
0.83083,0.411301,376.7303,241.6075,587.4228
0.83283,0.408860,376.7303,240.8894,589.1737
0.83484,0.406404,376.7303,240.1650,590.9510
0.83684,0.403934,376.7303,239.4338,592.7555
0.83884,0.401448,376.7303,238.6960,594.5879
0.84084,0.398947,376.7303,237.9512,596.4489
0.84284,0.396429,376.7303,237.1994,598.3394
0.84485,0.393896,376.7303,236.4403,600.2603
0.84685,0.391347,376.7303,235.6739,602.2124
0.84885,0.388781,376.7303,234.8999,604.1967
0.85085,0.386197,376.7303,234.1182,606.2140
0.85285,0.383597,376.7303,233.3286,608.2656
0.85486,0.380978,376.7303,232.5308,610.3523
0.85686,0.378341,376.7303,231.7248,612.4753
0.85886,0.375686,376.7303,230.9103,614.6358
0.86086,0.373012,376.7303,230.0871,616.8349
0.86286,0.370319,376.7303,229.2549,619.0739
0.86487,0.367606,376.7303,228.4136,621.3541
0.86687,0.364873,376.7303,227.5629,623.6770
0.86887,0.362119,376.7303,226.7025,626.0440
0.87087,0.359344,376.7303,225.8322,628.4565
0.87287,0.356548,376.7303,224.9518,630.9163
0.87488,0.353729,376.7303,224.0608,633.4250
0.87688,0.350888,376.7303,223.1591,635.9844
0.87888,0.348023,376.7303,222.2464,638.5963
0.88088,0.345135,376.7303,221.3223,641.2627
0.88288,0.342222,376.7303,220.3864,643.9858
0.88489,0.339285,376.7303,219.4385,646.7677
0.88689,0.336322,376.7303,218.4781,649.6107
0.88889,0.333332,376.7303,217.5049,652.5174
0.89089,0.330315,376.7303,216.5185,655.4902
0.89289,0.327271,376.7303,215.5183,658.5320
0.89490,0.324198,376.7303,214.5041,661.6458
0.89690,0.321095,376.7303,213.4753,664.8345
0.89890,0.317963,376.7303,212.4313,668.1017
0.90090,0.314799,376.7303,211.3718,671.4507
0.90290,0.311603,376.7303,210.2961,674.8854
0.90491,0.308373,376.7303,209.2036,678.4097
0.90691,0.305110,376.7303,208.0937,682.0281
0.90891,0.301811,376.7303,206.9657,685.7450
0.91091,0.298476,376.7303,205.8191,689.5655
0.91291,0.295104,376.7303,204.6529,693.4949
0.91492,0.291692,376.7303,203.4664,697.5388
0.91692,0.288240,376.7303,202.2588,701.7035
0.91892,0.284746,376.7303,201.0292,705.9955
0.92092,0.281208,376.7303,199.7766,710.4221
0.92292,0.277626,376.7303,198.5000,714.9910
0.92493,0.273997,376.7303,197.1983,719.7107
0.92693,0.270319,376.7303,195.8703,724.5904
0.92893,0.266590,376.7303,194.5147,729.6402
0.93093,0.262808,376.7303,193.1301,734.8710
0.93293,0.258971,376.7303,191.7151,740.2949
0.93494,0.255077,376.7303,190.2681,745.9250
0.93694,0.251122,376.7303,188.7873,751.7759
0.93894,0.247103,376.7303,187.2708,757.8638
0.94094,0.243019,376.7303,185.7165,764.2064
0.94294,0.238864,376.7303,184.1222,770.8236
0.94495,0.234636,376.7303,182.4853,777.7377
0.94695,0.230330,376.7303,180.8032,784.9734
0.94895,0.225943,376.7303,179.0728,792.5587
0.95095,0.221468,376.7303,177.2908,800.5252
0.95295,0.216901,376.7303,175.4533,808.9090
0.95496,0.212236,376.7303,173.5562,817.7511
0.95696,0.207466,376.7303,171.5947,827.0985
0.95896,0.202584,376.7303,169.5636,837.0059
0.96096,0.197581,376.7303,167.4568,847.5366
0.96296,0.192448,376.7303,165.2672,858.7650
0.96497,0.187174,376.7303,162.9871,870.7790
0.96697,0.181747,376.7303,160.6070,883.6833
0.96897,0.176154,376.7303,158.1161,897.6043
0.97097,0.170376,376.7303,155.5017,912.6959
0.97297,0.164396,376.7303,152.7482,929.1480
0.97498,0.158190,376.7303,149.8373,947.1989
0.97698,0.151730,376.7303,146.7461,967.1517
0.97898,0.144983,376.7303,143.4462,989.4006
0.98098,0.137906,376.7303,139.9014,1014.4699
0.98298,0.130446,376.7303,136.0646,1043.0761
0.98499,0.122532,376.7303,131.8727,1076.2329
0.98699,0.114070,376.7303,127.2380,1115.4352
0.98899,0.104929,376.7303,122.0331,1163.0102
0.99099,0.094911,376.7303,116.0614,1222.8503
0.99299,0.083702,376.7303,108.9929,1302.1555
0.99500,0.070739,376.7303,100.1982,1416.4494
0.99700,0.054791,376.7303,88.1827,1609.4510
0.99900,0.031623,376.7303,66.9932,2118.5102
