r_over_rs,S_track(1-rs/r),S_alt(sqrt),Z_SYM,Z_mu_only,Z_eps_only
1.0010,0.000999,0.031607,376.730,11.907,11919.214
1.0160,0.015771,0.125581,376.730,47.310,2999.891
1.0310,0.030112,0.173528,376.730,65.373,2171.009
1.0461,0.044041,0.209860,376.730,79.061,1795.152
1.0611,0.057576,0.239950,376.730,90.396,1570.037
1.0761,0.070733,0.265957,376.730,100.194,1416.511
1.0911,0.083528,0.289011,376.730,108.879,1303.514
1.1062,0.095975,0.309798,376.730,116.710,1216.053
1.1212,0.108088,0.328768,376.730,123.857,1145.887
1.1362,0.119881,0.346239,376.730,130.439,1088.065
1.1512,0.131367,0.362445,376.730,136.544,1039.413
1.1663,0.142556,0.377566,376.730,142.241,997.786
1.1813,0.153461,0.391741,376.730,147.581,961.682
1.1963,0.164092,0.405083,376.730,152.607,930.009
1.2113,0.174459,0.417683,376.730,157.354,901.952
1.2264,0.184572,0.429619,376.730,161.851,876.894
1.2414,0.194441,0.440955,376.730,166.121,854.352
1.2564,0.204073,0.451745,376.730,170.186,833.945
1.2714,0.213478,0.462037,376.730,174.063,815.368
1.2864,0.222663,0.471872,376.730,177.769,798.373
1.3015,0.231637,0.481286,376.730,181.315,782.757
1.3165,0.240405,0.490311,376.730,184.715,768.350
1.3315,0.248975,0.498974,376.730,187.979,755.009
1.3465,0.257355,0.507301,376.730,191.116,742.617
1.3616,0.265549,0.515314,376.730,194.135,731.069
1.3766,0.273564,0.523034,376.730,197.043,720.279
1.3916,0.281407,0.530478,376.730,199.847,710.172
1.4066,0.289082,0.537663,376.730,202.554,700.681
1.4217,0.296594,0.544605,376.730,205.169,691.750
1.4367,0.303950,0.551316,376.730,207.698,683.329
1.4517,0.311153,0.557811,376.730,210.144,675.373
1.4667,0.318209,0.564100,376.730,212.514,667.843
1.4817,0.325121,0.570194,376.730,214.809,660.705
1.4968,0.331895,0.576104,376.730,217.036,653.928
1.5118,0.338535,0.581837,376.730,219.196,647.484
1.5268,0.345043,0.587404,376.730,221.293,641.348
1.5418,0.351425,0.592811,376.730,223.330,635.498
1.5569,0.357683,0.598066,376.730,225.310,629.914
1.5719,0.363822,0.603177,376.730,227.235,624.577
1.5869,0.369845,0.608149,376.730,229.108,619.470
1.6019,0.375755,0.612989,376.730,230.931,614.580
1.6170,0.381555,0.617701,376.730,232.707,609.891
1.6320,0.387248,0.622293,376.730,234.436,605.391
1.6470,0.392837,0.626767,376.730,236.122,601.069
1.6620,0.398326,0.631130,376.730,237.766,596.914
1.6771,0.403715,0.635386,376.730,239.369,592.916
1.6921,0.409010,0.639539,376.730,240.934,589.066
1.7071,0.414211,0.643592,376.730,242.461,585.356
1.7221,0.419321,0.647550,376.730,243.952,581.778
1.7371,0.424343,0.651416,376.730,245.408,578.325
1.7522,0.429279,0.655194,376.730,246.831,574.991
1.7672,0.434131,0.658886,376.730,248.222,571.769
1.7822,0.438901,0.662496,376.730,249.582,568.653
1.7972,0.443591,0.666026,376.730,250.912,565.639
1.8123,0.448203,0.669480,376.730,252.213,562.721
1.8273,0.452740,0.672860,376.730,253.487,559.894
1.8423,0.457203,0.676168,376.730,254.733,557.155
1.8573,0.461593,0.679407,376.730,255.953,554.499
1.8724,0.465913,0.682579,376.730,257.148,551.922
1.8874,0.470165,0.685686,376.730,258.319,549.421
1.9024,0.474349,0.688730,376.730,259.465,546.993
1.9174,0.478467,0.691713,376.730,260.589,544.634
1.9324,0.482522,0.694638,376.730,261.691,542.340
1.9475,0.486514,0.697505,376.730,262.771,540.111
1.9625,0.490445,0.700318,376.730,263.831,537.942
1.9775,0.494316,0.703076,376.730,264.870,535.832
1.9925,0.498129,0.705782,376.730,265.890,533.777
2.0076,0.501884,0.708438,376.730,266.890,531.776
2.0226,0.505584,0.711044,376.730,267.872,529.827
2.0376,0.509230,0.713603,376.730,268.836,527.927
2.0526,0.512822,0.716116,376.730,269.782,526.075
2.0677,0.516361,0.718583,376.730,270.712,524.268
2.0827,0.519850,0.721006,376.730,271.625,522.506
2.0977,0.523289,0.723387,376.730,272.522,520.787
2.1127,0.526679,0.725726,376.730,273.403,519.108
2.1278,0.530021,0.728025,376.730,274.269,517.469
2.1428,0.533316,0.730285,376.730,275.120,515.868
2.1578,0.536565,0.732506,376.730,275.957,514.303
2.1728,0.539769,0.734690,376.730,276.780,512.775
2.1878,0.542930,0.736838,376.730,277.589,511.280
2.2029,0.546047,0.738950,376.730,278.385,509.819
2.2179,0.549122,0.741027,376.730,279.167,508.389
2.2329,0.552155,0.743071,376.730,279.938,506.991
2.2479,0.555148,0.745083,376.730,280.695,505.622
2.2630,0.558102,0.747062,376.730,281.441,504.283
2.2780,0.561016,0.749010,376.730,282.175,502.971
2.2930,0.563892,0.750927,376.730,282.897,501.687
2.3080,0.566731,0.752815,376.730,283.608,500.429
2.3231,0.569533,0.754674,376.730,284.309,499.196
2.3381,0.572299,0.756504,376.730,284.998,497.988
2.3531,0.575029,0.758307,376.730,285.677,496.805
2.3681,0.577725,0.760082,376.730,286.346,495.644
2.3832,0.580387,0.761832,376.730,287.005,494.506
2.3982,0.583016,0.763555,376.730,287.654,493.390
2.4132,0.585612,0.765253,376.730,288.294,492.295
2.4282,0.588176,0.766926,376.730,288.924,491.221
2.4432,0.590708,0.768575,376.730,289.546,490.167
2.4583,0.593209,0.770201,376.730,290.158,489.133
2.4733,0.595680,0.771803,376.730,290.762,488.117
2.4883,0.598121,0.773383,376.730,291.357,487.120
2.5033,0.600533,0.774941,376.730,291.944,486.141
2.5184,0.602916,0.776477,376.730,292.522,485.179
2.5334,0.605271,0.777992,376.730,293.093,484.234
2.5484,0.607598,0.779486,376.730,293.656,483.306
2.5634,0.609898,0.780960,376.730,294.211,482.394
2.5785,0.612171,0.782413,376.730,294.759,481.498
2.5935,0.614417,0.783848,376.730,295.299,480.617
2.6085,0.616638,0.785263,376.730,295.832,479.750
2.6235,0.618833,0.786660,376.730,296.359,478.899
2.6385,0.621004,0.788038,376.730,296.878,478.061
2.6536,0.623149,0.789398,376.730,297.390,477.237
2.6686,0.625271,0.790741,376.730,297.896,476.427
2.6836,0.627369,0.792066,376.730,298.395,475.630
2.6986,0.629443,0.793375,376.730,298.888,474.845
2.7137,0.631495,0.794666,376.730,299.375,474.074
2.7287,0.633523,0.795942,376.730,299.855,473.314
2.7437,0.635530,0.797201,376.730,300.330,472.566
2.7587,0.637515,0.798445,376.730,300.799,471.830
2.7738,0.639478,0.799674,376.730,301.261,471.105
2.7888,0.641420,0.800887,376.730,301.719,470.391
2.8038,0.643342,0.802086,376.730,302.170,469.688
2.8188,0.645243,0.803270,376.730,302.616,468.996
2.8339,0.647123,0.804440,376.730,303.057,468.314
2.8489,0.648984,0.805596,376.730,303.492,467.642
2.8639,0.650826,0.806738,376.730,303.923,466.980
2.8789,0.652648,0.807866,376.730,304.348,466.328
2.8939,0.654451,0.808981,376.730,304.768,465.685
2.9090,0.656236,0.810084,376.730,305.183,465.051
2.9240,0.658002,0.811173,376.730,305.593,464.427
2.9390,0.659750,0.812250,376.730,305.999,463.811
2.9540,0.661480,0.813314,376.730,306.400,463.204
2.9691,0.663193,0.814367,376.730,306.797,462.605
2.9841,0.664889,0.815407,376.730,307.189,462.015
2.9991,0.666568,0.816436,376.730,307.576,461.433
3.0141,0.668230,0.817453,376.730,307.959,460.859
3.0292,0.669875,0.818459,376.730,308.338,460.292
3.0442,0.671504,0.819454,376.730,308.713,459.734
3.0592,0.673117,0.820437,376.730,309.084,459.182
3.0742,0.674715,0.821410,376.730,309.450,458.638
3.0892,0.676297,0.822373,376.730,309.813,458.102
3.1043,0.677863,0.823325,376.730,310.171,457.572
3.1193,0.679415,0.824266,376.730,310.526,457.049
3.1343,0.680951,0.825198,376.730,310.877,456.533
3.1493,0.682473,0.826119,376.730,311.224,456.024
3.1644,0.683981,0.827031,376.730,311.568,455.521
3.1794,0.685474,0.827934,376.730,311.908,455.025
3.1944,0.686953,0.828827,376.730,312.244,454.535
3.2094,0.688419,0.829710,376.730,312.577,454.051
3.2245,0.689870,0.830584,376.730,312.906,453.573
3.2395,0.691309,0.831450,376.730,313.232,453.101
3.2545,0.692734,0.832306,376.730,313.555,452.634
3.2695,0.694146,0.833154,376.730,313.874,452.174
3.2846,0.695545,0.833993,376.730,314.190,451.719
3.2996,0.696931,0.834824,376.730,314.503,451.269
3.3146,0.698304,0.835646,376.730,314.813,450.825
3.3296,0.699666,0.836460,376.730,315.120,450.386
3.3446,0.701015,0.837266,376.730,315.424,449.953
3.3597,0.702352,0.838064,376.730,315.724,449.524
3.3747,0.703677,0.838854,376.730,316.022,449.101
3.3897,0.704990,0.839637,376.730,316.317,448.682
3.4047,0.706292,0.840412,376.730,316.609,448.269
3.4198,0.707582,0.841179,376.730,316.898,447.860
3.4348,0.708861,0.841939,376.730,317.184,447.456
3.4498,0.710129,0.842691,376.730,317.467,447.056
3.4648,0.711386,0.843437,376.730,317.748,446.661
3.4799,0.712632,0.844175,376.730,318.026,446.270
3.4949,0.713867,0.844907,376.730,318.302,445.884
3.5099,0.715092,0.845631,376.730,318.575,445.502
3.5249,0.716306,0.846349,376.730,318.845,445.124
3.5399,0.717510,0.847060,376.730,319.113,444.751
3.5550,0.718704,0.847764,376.730,319.378,444.381
3.5700,0.719888,0.848462,376.730,319.641,444.016
3.5850,0.721062,0.849153,376.730,319.902,443.654
3.6000,0.722226,0.849839,376.730,320.160,443.296
3.6151,0.723380,0.850517,376.730,320.416,442.942
3.6301,0.724525,0.851190,376.730,320.669,442.592
3.6451,0.725660,0.851857,376.730,320.920,442.246
3.6601,0.726786,0.852518,376.730,321.169,441.903
3.6752,0.727903,0.853172,376.730,321.416,441.564
3.6902,0.729011,0.853821,376.730,321.660,441.229
3.7052,0.730110,0.854464,376.730,321.903,440.896
3.7202,0.731199,0.855102,376.730,322.143,440.568
3.7353,0.732281,0.855734,376.730,322.381,440.242
3.7503,0.733353,0.856360,376.730,322.617,439.920
3.7653,0.734417,0.856981,376.730,322.851,439.602
3.7803,0.735472,0.857597,376.730,323.083,439.286
3.7953,0.736519,0.858207,376.730,323.313,438.974
3.8104,0.737558,0.858812,376.730,323.541,438.664
3.8254,0.738589,0.859412,376.730,323.767,438.358
3.8404,0.739612,0.860007,376.730,323.991,438.055
3.8554,0.740626,0.860596,376.730,324.213,437.755
3.8705,0.741633,0.861181,376.730,324.433,437.458
3.8855,0.742632,0.861761,376.730,324.651,437.163
3.9005,0.743623,0.862336,376.730,324.868,436.872
3.9155,0.744607,0.862906,376.730,325.083,436.583
3.9306,0.745583,0.863472,376.730,325.296,436.297
3.9456,0.746552,0.864032,376.730,325.507,436.014
3.9606,0.747513,0.864589,376.730,325.717,435.734
3.9756,0.748467,0.865140,376.730,325.925,435.456
3.9907,0.749414,0.865687,376.730,326.131,435.181
4.0057,0.750354,0.866230,376.730,326.335,434.908
4.0207,0.751287,0.866768,376.730,326.538,434.638
4.0357,0.752213,0.867302,376.730,326.739,434.370
4.0507,0.753132,0.867832,376.730,326.938,434.105
4.0658,0.754044,0.868357,376.730,327.136,433.843
4.0808,0.754949,0.868878,376.730,327.333,433.582
4.0958,0.755848,0.869395,376.730,327.528,433.324
4.1108,0.756741,0.869908,376.730,327.721,433.069
4.1259,0.757626,0.870417,376.730,327.913,432.816
4.1409,0.758506,0.870922,376.730,328.103,432.565
4.1559,0.759379,0.871423,376.730,328.292,432.316
4.1709,0.760245,0.871921,376.730,328.479,432.070
4.1860,0.761106,0.872414,376.730,328.665,431.825
4.2010,0.761960,0.872903,376.730,328.849,431.583
4.2160,0.762808,0.873389,376.730,329.032,431.343
4.2310,0.763651,0.873871,376.730,329.214,431.105
4.2460,0.764487,0.874349,376.730,329.394,430.869
4.2611,0.765317,0.874824,376.730,329.573,430.635
4.2761,0.766142,0.875295,376.730,329.750,430.404
4.2911,0.766961,0.875763,376.730,329.926,430.174
4.3061,0.767774,0.876227,376.730,330.101,429.946
4.3212,0.768581,0.876687,376.730,330.275,429.720
4.3362,0.769383,0.877145,376.730,330.447,429.496
4.3512,0.770179,0.877598,376.730,330.618,429.274
4.3662,0.770970,0.878049,376.730,330.788,429.054
4.3813,0.771755,0.878496,376.730,330.956,428.836
4.3963,0.772535,0.878940,376.730,331.123,428.619
4.4113,0.773310,0.879380,376.730,331.289,428.404
4.4263,0.774079,0.879818,376.730,331.454,428.191
4.4414,0.774843,0.880252,376.730,331.618,427.980
4.4564,0.775602,0.880683,376.730,331.780,427.771
4.4714,0.776356,0.881111,376.730,331.941,427.563
4.4864,0.777105,0.881536,376.730,332.101,427.357
4.5014,0.777849,0.881958,376.730,332.260,427.152
4.5165,0.778588,0.882376,376.730,332.418,426.950
4.5315,0.779322,0.882792,376.730,332.575,426.749
4.5465,0.780051,0.883205,376.730,332.730,426.549
4.5615,0.780776,0.883615,376.730,332.885,426.351
4.5766,0.781495,0.884022,376.730,333.038,426.155
4.5916,0.782210,0.884427,376.730,333.190,425.960
4.6066,0.782921,0.884828,376.730,333.342,425.767
4.6216,0.783626,0.885227,376.730,333.492,425.575
4.6367,0.784327,0.885623,376.730,333.641,425.385
4.6517,0.785024,0.886016,376.730,333.789,425.196
4.6667,0.785716,0.886406,376.730,333.936,425.009
4.6817,0.786404,0.886794,376.730,334.082,424.823
4.6967,0.787087,0.887179,376.730,334.227,424.638
4.7118,0.787766,0.887562,376.730,334.371,424.455
4.7268,0.788440,0.887942,376.730,334.515,424.274
4.7418,0.789110,0.888319,376.730,334.657,424.094
4.7568,0.789777,0.888694,376.730,334.798,423.915
4.7719,0.790438,0.889066,376.730,334.938,423.737
4.7869,0.791096,0.889436,376.730,335.077,423.561
4.8019,0.791750,0.889803,376.730,335.216,423.386
4.8169,0.792399,0.890168,376.730,335.353,423.213
4.8320,0.793045,0.890531,376.730,335.490,423.040
4.8470,0.793686,0.890891,376.730,335.626,422.869
4.8620,0.794324,0.891248,376.730,335.760,422.700
4.8770,0.794957,0.891604,376.730,335.894,422.531
4.8921,0.795587,0.891957,376.730,336.027,422.364
4.9071,0.796213,0.892308,376.730,336.159,422.198
4.9221,0.796835,0.892656,376.730,336.291,422.033
4.9371,0.797453,0.893002,376.730,336.421,421.869
4.9521,0.798067,0.893346,376.730,336.551,421.707
4.9672,0.798678,0.893688,376.730,336.679,421.546
4.9822,0.799285,0.894028,376.730,336.807,421.386
4.9972,0.799889,0.894365,376.730,336.934,421.227
5.0122,0.800488,0.894700,376.730,337.061,421.069
5.0273,0.801085,0.895033,376.730,337.186,420.912
5.0423,0.801677,0.895364,376.730,337.311,420.756
5.0573,0.802266,0.895693,376.730,337.435,420.602
5.0723,0.802852,0.896020,376.730,337.558,420.448
5.0874,0.803434,0.896345,376.730,337.680,420.296
5.1024,0.804013,0.896668,376.730,337.802,420.145
5.1174,0.804588,0.896989,376.730,337.923,419.995
5.1324,0.805160,0.897307,376.730,338.043,419.845
5.1475,0.805729,0.897624,376.730,338.162,419.697
5.1625,0.806294,0.897939,376.730,338.281,419.550
5.1775,0.806856,0.898252,376.730,338.399,419.404
5.1925,0.807415,0.898563,376.730,338.516,419.259
5.2075,0.807971,0.898872,376.730,338.632,419.115
5.2226,0.808523,0.899179,376.730,338.748,418.971
5.2376,0.809073,0.899485,376.730,338.863,418.829
5.2526,0.809619,0.899788,376.730,338.977,418.688
5.2676,0.810162,0.900090,376.730,339.091,418.547
5.2827,0.810701,0.900390,376.730,339.204,418.408
5.2977,0.811238,0.900688,376.730,339.316,418.270
5.3127,0.811772,0.900984,376.730,339.428,418.132
5.3277,0.812303,0.901278,376.730,339.539,417.995
5.3428,0.812831,0.901571,376.730,339.649,417.860
5.3578,0.813355,0.901862,376.730,339.759,417.725
5.3728,0.813877,0.902152,376.730,339.868,417.591
5.3878,0.814396,0.902439,376.730,339.976,417.458
5.4028,0.814912,0.902725,376.730,340.084,417.326
5.4179,0.815426,0.903009,376.730,340.191,417.194
5.4329,0.815936,0.903292,376.730,340.297,417.064
5.4479,0.816444,0.903573,376.730,340.403,416.934
5.4629,0.816948,0.903852,376.730,340.508,416.805
5.4780,0.817450,0.904130,376.730,340.613,416.677
5.4930,0.817950,0.904406,376.730,340.717,416.550
5.5080,0.818446,0.904680,376.730,340.820,416.424
5.5230,0.818940,0.904953,376.730,340.923,416.298
5.5381,0.819431,0.905224,376.730,341.025,416.173
5.5531,0.819920,0.905494,376.730,341.127,416.049
5.5681,0.820406,0.905762,376.730,341.228,415.926
5.5831,0.820889,0.906029,376.730,341.329,415.804
5.5982,0.821370,0.906294,376.730,341.429,415.682
5.6132,0.821848,0.906558,376.730,341.528,415.561
5.6282,0.822323,0.906820,376.730,341.627,415.441
5.6432,0.822796,0.907081,376.730,341.725,415.321
5.6582,0.823267,0.907340,376.730,341.823,415.203
5.6733,0.823735,0.907598,376.730,341.920,415.085
5.6883,0.824200,0.907855,376.730,342.016,414.968
5.7033,0.824663,0.908110,376.730,342.112,414.851
5.7183,0.825124,0.908363,376.730,342.208,414.735
5.7334,0.825582,0.908616,376.730,342.303,414.620
5.7484,0.826038,0.908866,376.730,342.398,414.506
5.7634,0.826492,0.909116,376.730,342.491,414.392
5.7784,0.826943,0.909364,376.730,342.585,414.279
5.7935,0.827391,0.909611,376.730,342.678,414.167
5.8085,0.827838,0.909856,376.730,342.770,414.055
5.8235,0.828282,0.910100,376.730,342.862,413.944
5.8385,0.828724,0.910343,376.730,342.954,413.833
5.8535,0.829163,0.910584,376.730,343.045,413.724
5.8686,0.829601,0.910824,376.730,343.135,413.615
5.8836,0.830036,0.911063,376.730,343.225,413.506
5.8986,0.830469,0.911301,376.730,343.315,413.399
5.9136,0.830899,0.911537,376.730,343.404,413.291
5.9287,0.831328,0.911772,376.730,343.492,413.185
5.9437,0.831754,0.912006,376.730,343.580,413.079
5.9587,0.832179,0.912238,376.730,343.668,412.974
5.9737,0.832601,0.912469,376.730,343.755,412.869
5.9888,0.833021,0.912700,376.730,343.842,412.765
6.0038,0.833438,0.912928,376.730,343.928,412.661
6.0188,0.833854,0.913156,376.730,344.014,412.558
6.0338,0.834268,0.913383,376.730,344.099,412.456
6.0489,0.834679,0.913608,376.730,344.184,412.354
6.0639,0.835089,0.913832,376.730,344.268,412.253
6.0789,0.835497,0.914055,376.730,344.352,412.153
6.0939,0.835902,0.914277,376.730,344.436,412.053
6.1089,0.836306,0.914497,376.730,344.519,411.953
6.1240,0.836707,0.914717,376.730,344.602,411.854
6.1390,0.837107,0.914935,376.730,344.684,411.756
6.1540,0.837505,0.915153,376.730,344.766,411.658
6.1690,0.837900,0.915369,376.730,344.847,411.561
6.1841,0.838294,0.915584,376.730,344.928,411.465
6.1991,0.838686,0.915798,376.730,345.009,411.368
6.2141,0.839076,0.916011,376.730,345.089,411.273
6.2291,0.839464,0.916223,376.730,345.169,411.178
6.2442,0.839850,0.916433,376.730,345.248,411.083
6.2592,0.840235,0.916643,376.730,345.327,410.989
6.2742,0.840617,0.916852,376.730,345.406,410.896
6.2892,0.840998,0.917059,376.730,345.484,410.803
6.3043,0.841377,0.917266,376.730,345.562,410.710
6.3193,0.841754,0.917472,376.730,345.639,410.618
6.3343,0.842129,0.917676,376.730,345.716,410.526
6.3493,0.842503,0.917880,376.730,345.793,410.435
6.3643,0.842875,0.918082,376.730,345.869,410.345
6.3794,0.843245,0.918284,376.730,345.945,410.255
6.3944,0.843613,0.918484,376.730,346.021,410.165
6.4094,0.843979,0.918684,376.730,346.096,410.076
6.4244,0.844344,0.918882,376.730,346.171,409.988
6.4395,0.844707,0.919080,376.730,346.245,409.900
6.4545,0.845069,0.919276,376.730,346.319,409.812
6.4695,0.845429,0.919472,376.730,346.393,409.725
6.4845,0.845787,0.919667,376.730,346.466,409.638
6.4996,0.846143,0.919860,376.730,346.539,409.552
6.5146,0.846498,0.920053,376.730,346.612,409.466
6.5296,0.846851,0.920245,376.730,346.684,409.380
6.5446,0.847203,0.920436,376.730,346.756,409.295
6.5596,0.847553,0.920626,376.730,346.828,409.211
6.5747,0.847901,0.920815,376.730,346.899,409.127
6.5897,0.848248,0.921004,376.730,346.970,409.043
6.6047,0.848593,0.921191,376.730,347.041,408.960
6.6197,0.848937,0.921378,376.730,347.111,408.877
6.6348,0.849279,0.921563,376.730,347.181,408.795
6.6498,0.849619,0.921748,376.730,347.250,408.713
6.6648,0.849958,0.921932,376.730,347.320,408.631
6.6798,0.850296,0.922115,376.730,347.389,408.550
6.6949,0.850632,0.922297,376.730,347.457,408.470
6.7099,0.850966,0.922478,376.730,347.526,408.389
6.7249,0.851299,0.922659,376.730,347.593,408.310
6.7399,0.851630,0.922838,376.730,347.661,408.230
6.7550,0.851960,0.923017,376.730,347.728,408.151
6.7700,0.852289,0.923195,376.730,347.796,408.072
6.7850,0.852616,0.923372,376.730,347.862,407.994
6.8000,0.852942,0.923548,376.730,347.929,407.916
6.8150,0.853266,0.923724,376.730,347.995,407.839
6.8301,0.853589,0.923899,376.730,348.061,407.762
6.8451,0.853910,0.924072,376.730,348.126,407.685
6.8601,0.854230,0.924246,376.730,348.191,407.608
6.8751,0.854548,0.924418,376.730,348.256,407.532
6.8902,0.854866,0.924589,376.730,348.321,407.457
6.9052,0.855181,0.924760,376.730,348.385,407.382
6.9202,0.855496,0.924930,376.730,348.449,407.307
6.9352,0.855809,0.925099,376.730,348.513,407.232
6.9503,0.856120,0.925268,376.730,348.576,407.158
6.9653,0.856431,0.925435,376.730,348.640,407.084
6.9803,0.856740,0.925602,376.730,348.702,407.011
6.9953,0.857047,0.925769,376.730,348.765,406.938
7.0103,0.857354,0.925934,376.730,348.827,406.865
7.0254,0.857659,0.926099,376.730,348.889,406.793
7.0404,0.857963,0.926263,376.730,348.951,406.721
7.0554,0.858265,0.926426,376.730,349.013,406.649
7.0704,0.858566,0.926588,376.730,349.074,406.578
7.0855,0.858866,0.926750,376.730,349.135,406.507
7.1005,0.859165,0.926911,376.730,349.196,406.436
7.1155,0.859462,0.927072,376.730,349.256,406.366
7.1305,0.859758,0.927231,376.730,349.316,406.296
7.1456,0.860053,0.927390,376.730,349.376,406.226
7.1606,0.860347,0.927549,376.730,349.436,406.157
7.1756,0.860639,0.927706,376.730,349.495,406.088
7.1906,0.860930,0.927863,376.730,349.554,406.019
7.2057,0.861220,0.928019,376.730,349.613,405.951
7.2207,0.861509,0.928175,376.730,349.672,405.883
7.2357,0.861796,0.928330,376.730,349.730,405.815
7.2507,0.862083,0.928484,376.730,349.788,405.748
7.2657,0.862368,0.928638,376.730,349.846,405.681
7.2808,0.862652,0.928791,376.730,349.904,405.614
7.2958,0.862935,0.928943,376.730,349.961,405.547
7.3108,0.863216,0.929094,376.730,350.018,405.481
7.3258,0.863497,0.929245,376.730,350.075,405.415
7.3409,0.863776,0.929396,376.730,350.132,405.350
7.3559,0.864054,0.929545,376.730,350.188,405.285
7.3709,0.864332,0.929694,376.730,350.244,405.220
7.3859,0.864607,0.929843,376.730,350.300,405.155
7.4010,0.864882,0.929991,376.730,350.356,405.090
7.4160,0.865156,0.930138,376.730,350.411,405.026
7.4310,0.865429,0.930284,376.730,350.466,404.963
7.4460,0.865700,0.930430,376.730,350.521,404.899
7.4611,0.865971,0.930575,376.730,350.576,404.836
7.4761,0.866240,0.930720,376.730,350.630,404.773
7.4911,0.866508,0.930864,376.730,350.685,404.710
7.5061,0.866775,0.931008,376.730,350.739,404.648
7.5211,0.867041,0.931151,376.730,350.793,404.586
7.5362,0.867307,0.931293,376.730,350.846,404.524
7.5512,0.867571,0.931435,376.730,350.900,404.462
7.5662,0.867833,0.931576,376.730,350.953,404.401
7.5812,0.868095,0.931716,376.730,351.006,404.340
7.5963,0.868356,0.931856,376.730,351.059,404.279
7.6113,0.868616,0.931996,376.730,351.111,404.219
7.6263,0.868875,0.932135,376.730,351.163,404.159
7.6413,0.869133,0.932273,376.730,351.215,404.099
7.6564,0.869390,0.932411,376.730,351.267,404.039
7.6714,0.869645,0.932548,376.730,351.319,403.980
7.6864,0.869900,0.932684,376.730,351.370,403.920
7.7014,0.870154,0.932820,376.730,351.422,403.862
7.7164,0.870407,0.932956,376.730,351.473,403.803
7.7315,0.870659,0.933091,376.730,351.524,403.745
7.7465,0.870909,0.933225,376.730,351.574,403.686
7.7615,0.871159,0.933359,376.730,351.625,403.628
7.7765,0.871408,0.933492,376.730,351.675,403.571
7.7916,0.871656,0.933625,376.730,351.725,403.513
7.8066,0.871903,0.933757,376.730,351.775,403.456
7.8216,0.872149,0.933889,376.730,351.824,403.399
7.8366,0.872394,0.934020,376.730,351.874,403.343
7.8517,0.872638,0.934151,376.730,351.923,403.286
7.8667,0.872882,0.934281,376.730,351.972,403.230
7.8817,0.873124,0.934411,376.730,352.021,403.174
7.8967,0.873365,0.934540,376.730,352.070,403.118
7.9118,0.873606,0.934669,376.730,352.118,403.063
7.9268,0.873845,0.934797,376.730,352.166,403.008
7.9418,0.874084,0.934925,376.730,352.214,402.953
7.9568,0.874322,0.935052,376.730,352.262,402.898
7.9718,0.874559,0.935178,376.730,352.310,402.843
7.9869,0.874794,0.935304,376.730,352.358,402.789
8.0019,0.875030,0.935430,376.730,352.405,402.735
8.0169,0.875264,0.935555,376.730,352.452,402.681
8.0319,0.875497,0.935680,376.730,352.499,402.627
8.0470,0.875729,0.935804,376.730,352.546,402.574
8.0620,0.875961,0.935928,376.730,352.592,402.521
8.0770,0.876192,0.936051,376.730,352.639,402.468
8.0920,0.876422,0.936174,376.730,352.685,402.415
8.1071,0.876651,0.936296,376.730,352.731,402.362
8.1221,0.876879,0.936418,376.730,352.777,402.310
8.1371,0.877106,0.936539,376.730,352.823,402.258
8.1521,0.877333,0.936660,376.730,352.868,402.206
8.1671,0.877558,0.936781,376.730,352.914,402.154
8.1822,0.877783,0.936901,376.730,352.959,402.103
8.1972,0.878007,0.937020,376.730,353.004,402.051
8.2122,0.878230,0.937139,376.730,353.049,402.000
8.2272,0.878453,0.937258,376.730,353.094,401.949
8.2423,0.878674,0.937376,376.730,353.138,401.899
8.2573,0.878895,0.937494,376.730,353.182,401.848
8.2723,0.879115,0.937611,376.730,353.227,401.798
8.2873,0.879334,0.937728,376.730,353.271,401.748
8.3024,0.879552,0.937844,376.730,353.314,401.698
8.3174,0.879770,0.937960,376.730,353.358,401.648
8.3324,0.879987,0.938076,376.730,353.402,401.599
8.3474,0.880203,0.938191,376.730,353.445,401.550
8.3625,0.880418,0.938306,376.730,353.488,401.501
8.3775,0.880632,0.938420,376.730,353.531,401.452
8.3925,0.880846,0.938534,376.730,353.574,401.403
8.4075,0.881059,0.938647,376.730,353.617,401.354
8.4225,0.881271,0.938760,376.730,353.659,401.306
8.4376,0.881482,0.938873,376.730,353.702,401.258
8.4526,0.881693,0.938985,376.730,353.744,401.210
8.4676,0.881903,0.939097,376.730,353.786,401.162
8.4826,0.882112,0.939208,376.730,353.828,401.115
8.4977,0.882321,0.939319,376.730,353.870,401.067
8.5127,0.882528,0.939430,376.730,353.912,401.020
8.5277,0.882735,0.939540,376.730,353.953,400.973
8.5427,0.882941,0.939650,376.730,353.995,400.926
8.5578,0.883147,0.939759,376.730,354.036,400.880
8.5728,0.883352,0.939868,376.730,354.077,400.833
8.5878,0.883556,0.939976,376.730,354.118,400.787
8.6028,0.883759,0.940085,376.730,354.158,400.741
8.6178,0.883962,0.940192,376.730,354.199,400.695
8.6329,0.884164,0.940300,376.730,354.239,400.649
8.6479,0.884365,0.940407,376.730,354.280,400.604
8.6629,0.884565,0.940513,376.730,354.320,400.558
8.6779,0.884765,0.940620,376.730,354.360,400.513
8.6930,0.884964,0.940726,376.730,354.400,400.468
8.7080,0.885163,0.940831,376.730,354.440,400.423
8.7230,0.885361,0.940936,376.730,354.479,400.378
8.7380,0.885558,0.941041,376.730,354.519,400.334
8.7531,0.885754,0.941145,376.730,354.558,400.289
8.7681,0.885950,0.941249,376.730,354.597,400.245
8.7831,0.886145,0.941353,376.730,354.636,400.201
8.7981,0.886339,0.941456,376.730,354.675,400.157
8.8132,0.886533,0.941559,376.730,354.714,400.113
8.8282,0.886726,0.941661,376.730,354.752,400.070
8.8432,0.886919,0.941764,376.730,354.791,400.026
8.8582,0.887111,0.941865,376.730,354.829,399.983
8.8732,0.887302,0.941967,376.730,354.867,399.940
8.8883,0.887492,0.942068,376.730,354.906,399.897
8.9033,0.887682,0.942169,376.730,354.944,399.854
8.9183,0.887871,0.942269,376.730,354.981,399.812
8.9333,0.888060,0.942369,376.730,355.019,399.769
8.9484,0.888248,0.942469,376.730,355.057,399.727
8.9634,0.888435,0.942568,376.730,355.094,399.685
8.9784,0.888622,0.942667,376.730,355.131,399.643
8.9934,0.888808,0.942766,376.730,355.169,399.601
9.0085,0.888993,0.942864,376.730,355.206,399.559
9.0235,0.889178,0.942962,376.730,355.243,399.518
9.0385,0.889362,0.943060,376.730,355.279,399.476
9.0535,0.889546,0.943157,376.730,355.316,399.435
9.0686,0.889729,0.943254,376.730,355.353,399.394
9.0836,0.889911,0.943351,376.730,355.389,399.353
9.0986,0.890093,0.943447,376.730,355.425,399.312
9.1136,0.890274,0.943543,376.730,355.461,399.272
9.1286,0.890455,0.943639,376.730,355.497,399.231
9.1437,0.890635,0.943734,376.730,355.533,399.191
9.1587,0.890814,0.943829,376.730,355.569,399.151
9.1737,0.890993,0.943924,376.730,355.605,399.111
9.1887,0.891171,0.944019,376.730,355.640,399.071
9.2038,0.891349,0.944113,376.730,355.676,399.031
9.2188,0.891526,0.944206,376.730,355.711,398.991
9.2338,0.891702,0.944300,376.730,355.746,398.952
9.2488,0.891878,0.944393,376.730,355.781,398.913
9.2639,0.892054,0.944486,376.730,355.816,398.873
9.2789,0.892228,0.944578,376.730,355.851,398.834
9.2939,0.892403,0.944671,376.730,355.886,398.795
9.3089,0.892576,0.944763,376.730,355.921,398.757
9.3239,0.892749,0.944854,376.730,355.955,398.718
9.3390,0.892922,0.944945,376.730,355.990,398.679
9.3540,0.893094,0.945036,376.730,356.024,398.641
9.3690,0.893265,0.945127,376.730,356.058,398.603
9.3840,0.893436,0.945217,376.730,356.092,398.565
9.3991,0.893606,0.945308,376.730,356.126,398.527
9.4141,0.893776,0.945397,376.730,356.160,398.489
9.4291,0.893945,0.945487,376.730,356.194,398.451
9.4441,0.894114,0.945576,376.730,356.227,398.414
9.4592,0.894282,0.945665,376.730,356.261,398.376
9.4742,0.894450,0.945754,376.730,356.294,398.339
9.4892,0.894617,0.945842,376.730,356.327,398.302
9.5042,0.894784,0.945930,376.730,356.361,398.264
9.5193,0.894950,0.946018,376.730,356.394,398.227
9.5343,0.895115,0.946105,376.730,356.427,398.191
9.5493,0.895280,0.946193,376.730,356.459,398.154
9.5643,0.895445,0.946279,376.730,356.492,398.117
9.5793,0.895609,0.946366,376.730,356.525,398.081
9.5944,0.895772,0.946452,376.730,356.557,398.045
9.6094,0.895935,0.946539,376.730,356.590,398.008
9.6244,0.896098,0.946624,376.730,356.622,397.972
9.6394,0.896260,0.946710,376.730,356.654,397.936
9.6545,0.896421,0.946795,376.730,356.686,397.901
9.6695,0.896582,0.946880,376.730,356.718,397.865
9.6845,0.896742,0.946965,376.730,356.750,397.829
9.6995,0.896902,0.947049,376.730,356.782,397.794
9.7146,0.897062,0.947133,376.730,356.814,397.758
9.7296,0.897221,0.947217,376.730,356.845,397.723
9.7446,0.897379,0.947301,376.730,356.877,397.688
9.7596,0.897537,0.947384,376.730,356.908,397.653
9.7746,0.897695,0.947467,376.730,356.940,397.618
9.7897,0.897852,0.947550,376.730,356.971,397.583
9.8047,0.898008,0.947633,376.730,357.002,397.549
9.8197,0.898164,0.947715,376.730,357.033,397.514
9.8347,0.898320,0.947797,376.730,357.064,397.480
9.8498,0.898475,0.947879,376.730,357.095,397.446
9.8648,0.898629,0.947961,376.730,357.126,397.411
9.8798,0.898784,0.948042,376.730,357.156,397.377
9.8948,0.898937,0.948123,376.730,357.187,397.343
9.9099,0.899090,0.948204,376.730,357.217,397.309
9.9249,0.899243,0.948284,376.730,357.247,397.276
9.9399,0.899395,0.948365,376.730,357.278,397.242
9.9549,0.899547,0.948445,376.730,357.308,397.209
9.9700,0.899699,0.948524,376.730,357.338,397.175
9.9850,0.899850,0.948604,376.730,357.368,397.142
10.0000,0.900000,0.948683,376.730,357.398,397.109
